_id , ercsc44_name , other_name , RA , Dec , LII , BII , flux density +/- err (mJy) , Detected flux +/- err (mJy) , PSF flux +/- err (mJy) , Gaussian fit flux +/- err (mJy) , PositionError (arcmin) , CMB subtracted , Extended , N. of observations , Reliability +/- err
1 , "PLCKERC044 G118.07+04.94"   ,, 0.21292 , 67.33917 , 118.07531 , 4.9459 , "3.9e+4+/-1067" , "1.06e+4+/-619" , "3.2e+4+/-576.02" , "7.0e+4+/-1170.58" , 1.81 , 0 , 1 , 6 , "0.99+/-0.045"
2 , "PLCKERC044 G117.62+02.22"   ,, 0.43583 , 64.58083 , 117.62942 , 2.22199 , "1441+/-147" , "1710.82+/-226.1" , "-" , "1388.8+/-202.23" , 1.714 , 1 , 0 , 6 , "0.955+/-0.045"
3 , "PLCKERC044 G093.38-66.59"   ,, 1.49333 , -6.36806 , 93.3884 , -66.59594 , "1494.3+/-198" , "1627.08+/-224.7" , "1740.6+/-135.38" , "2161.5+/-373.42" , 1.81 , 1 , 0 , 2 , "0.919+/-0.047"
4 , "PLCKERC044 G107.03-50.60"   ,, 2.66208 , 11.00083 , 107.03913 , -50.6077 , "2773+/-181" , "2692.7+/-220.7" , "2817.5+/-144.97" , "2840.7+/-345.74" , 1.81 , 0 , 0 , 2 , "0.974+/-0.045"
5 , "PLCKERC044 G119.45-00.92"   ,, 5.49792 , 61.75167 , 119.45476 , -0.92105 , "2854.5+/-186" , "1352.93+/-211.9" , "2565.9+/-103.42" , "5949.1+/-527.59" , 1.81 , 1 , 1 , 5 , "0.888+/-0.049"
6 , "PLCKERC044 G120.07+01.41"   ,, 6.30833 , 64.14111 , 120.07892 , 1.41481 , "5049.8+/-142" , "5211.25+/-240.1" , "5357.5+/-100.13" , "5059.9+/-219.48" , 1.714 , 0 , 0 , 5 , "0.992+/-0.046"
7 , "PLCKERC044 G096.66-87.96"   ,, 11.86083 , -25.29528 , 96.66078 , -87.96005 , "1406.3+/-218" , "1159.36+/-203.9" , "-640.3+/-182.62" , "1208.3+/-312" , 1.81 , 0 , 0 , 4 , "0.827+/-0.069"
8 , "PLCKERC044 G303.28-43.87"   ,, 11.97542 , -73.25417 , 303.28515 , -43.87141 , "2342.2+/-146" , "1019.98+/-161.6" , "1755.1+/-81.62" , "7296.9+/-634.26" , 1.714 , 0 , 1 , 9 , "0.908+/-0.048"
9 , "PLCKERC044 G303.37-59.50"   ,, 12.43792 , -57.62389 , 303.37635 , -59.50267 , "1384.7+/-212" , "1141.57+/-220.4" , "-8383.3+/-2.08e+5" , "2298.2+/-4612.23" , 1.81 , 0 , 1 , 2 , "0.829+/-0.068"
10 , "PLCKERC044 G122.69-69.71"  ,, 12.77625 , -6.84 , 122.69408 , -69.71185 , "1592.6+/-206" , "1165.01+/-225.7" , "1495+/-142.42" , "1964+/-450.85" , 1.81 , 0 , 0 , 3 , "0.809+/-0.075"
11 , "PLCKERC044 G123.11-06.26"  ,, 13.19292 , 56.60444 , 123.11655 , -6.26667 , "1.3e+4+/-187" , "9460.14+/-239" , "1.2e+4+/-128.42" , "1.6e+4+/-300.46" , 1.81 , 0 , 0 , 2 , "0.998+/-0.045"
12 , "PLCKERC044 G123.17+02.91"  ,, 13.44792 , 65.78333 , 123.17372 , 2.9129 , "3691.6+/-145" , "1660.07+/-230" , "3200.9+/-104.49" , "5797.2+/-399.51" , 1.714 , 0 , 0 , 4 , "0.952+/-0.045"
13 , "PLCKERC044 G302.08-44.97"  ,, 14.80458 , -72.145 , 302.08903 , -44.97039 , "2301.2+/-140" , "1715.13+/-176.1" , "1780.7+/-88.29" , "3372.4+/-325.29" , 1.714 , 0 , 0 , 6 , "0.968+/-0.045"
14 , "PLCKERC044 G290.76-76.13"  ,, 16.67417 , -40.62944 , 290.76725 , -76.13621 , "1412.4+/-181" , "1413.62+/-210" , "1477.2+/-121.5" , "1486.8+/-287.08" , 1.81 , 1 , 0 , 3 , "0.913+/-0.047"
15 , "PLCKERC044 G131.86-61.01"  ,, 17.17667 , 1.55861 , 131.86527 , -61.01311 , "2643.3+/-206" , "2800.71+/-263.2" , "3048.9+/-153.09" , "2999.4+/-357.38" , 1.81 , 0 , 0 , 3 , "0.976+/-0.045"
16 , "PLCKERC044 G134.63-50.38"  ,, 20.45083 , 11.8 , 134.63245 , -50.38049 , "1837.9+/-235" , "1898.08+/-225.5" , "1802.7+/-156.84" , "1760.6+/-349.69" , 1.81 , 0 , 0 , 2 , "0.924+/-0.047"
17 , "PLCKERC044 G126.66-00.77"  ,, 20.78417 , 61.86389 , 126.66016 , -0.77798 , "2731.1+/-147" , "2462.64+/-214.3" , "2753.9+/-103.62" , "2926.5+/-261.83" , 1.81 , 0 , 0 , 6 , "0.973+/-0.045"
18 , "PLCKERC044 G141.33-61.80"  ,, 21.43667 , -0.16111 , 141.33048 , -61.80126 , "1518.7+/-279" , "1102.9+/-205.2" , "1182.6+/-148.5" , "1596.7+/-432.07" , 1.81 , 1 , 0 , 3 , "0.779+/-0.086"
19 , "PLCKERC044 G167.92-76.04"  ,, 23.12417 , -16.90361 , 167.92742 , -76.04627 , "1863.9+/-178" , "1225.28+/-217.4" , "1643.5+/-129.51" , "2040.2+/-505.75" , 1.81 , 0 , 0 , 3 , "0.839+/-0.065"
20 , "PLCKERC044 G130.77-14.32"  ,, 24.23 , 47.85556 , 130.77932 , -14.32195 , "4517.3+/-168" , "4107.52+/-208.2" , "4429+/-112.07" , "4469.4+/-270.5" , 1.714 , 0 , 0 , 3 , "0.994+/-0.047"
21 , "PLCKERC044 G201.23-79.27"  ,, 24.40833 , -24.48361 , 201.23079 , -79.27644 , "2535.1+/-162" , "2755.82+/-228.6" , "2774+/-122.72" , "2678.8+/-280.26" , 1.81 , 0 , 0 , 4 , "0.987+/-0.045"
22 , "PLCKERC044 G140.53-28.12"  ,, 31.23167 , 32.21806 , 140.53215 , -28.12968 , "1817.7+/-180" , "1577.9+/-209.7" , "1729+/-136.36" , "1780.3+/-307.83" , 1.81 , 0 , 0 , 2 , "0.929+/-0.046"
23 , "PLCKERC044 G130.73+03.08"  ,, 31.44042 , 64.82778 , 130.73286 , 3.08781 , "1.6e+4+/-163" , "1.54e+4+/-951" , "1.7e+4+/-107.99" , "1.6e+4+/-252.75" , 1.714 , 0 , 0 , 6 , "0.999+/-0.045"
24 , "PLCKERC044 G276.01-61.75"  ,, 32.76625 , -51.01194 , 276.01927 , -61.75244 , "1726+/-169" , "2096.49+/-192.7" , "1920.2+/-123.68" , "1728.5+/-256.33" , 1.81 , 0 , 0 , 3 , "0.969+/-0.045"
25 , "PLCKERC044 G128.95+11.97"  ,, 34.47042 , 73.82444 , 128.95242 , 11.97176 , "2255.1+/-127" , "2122.55+/-184.6" , "2281+/-102.44" , "2266.1+/-238.02" , 1.714 , 0 , 0 , 8 , "0.985+/-0.045"
26 , "PLCKERC044 G162.21-54.40"  ,, 34.49167 , 1.72722 , 162.21262 , -54.40824 , "2589.7+/-213" , "1745.32+/-255" , "2517.4+/-158.9" , "3977.5+/-593.26" , 1.81 , 0 , 0 , 3 , "0.904+/-0.048"
27 , "PLCKERC044 G159.69-49.14"  ,, 36.08667 , 6.97722 , 159.69221 , -49.14795 , "1940+/-194" , "1436.64+/-223.6" , "1821.4+/-130.76" , "2120.3+/-355.69" , 1.81 , 1 , 0 , 3 , "0.893+/-0.049"
28 , "PLCKERC044 G133.73+01.23"  ,, 36.46958 , 62.11361 , 133.73123 , 1.2386 , "1.1e+5+/-1704" , "7.49e+4+/-951" , "9.4e+4+/-698.31" , "1.1e+5+/-1387.8" , 1.81 , 0 , 0 , 5 , "1+/-0.046"
29 , "PLCKERC044 G132.13+06.20"  ,, 37.21542 , 67.32083 , 132.13589 , 6.20681 , "1163.4+/-164" , "1155.17+/-188.9" , "-" , "1999.9+/-404.38" , 1.714 , 1 , 0 , 6 , "0.89+/-0.049"
30 , "PLCKERC044 G157.14-42.75"  ,, 37.97125 , 13.34861 , 157.149 , -42.75126 , "1429.5+/-195" , "1002.86+/-190.7" , "1340.6+/-134.92" , "1072.2+/-280.87" , 1.81 , 1 , 0 , 4 , "0.772+/-0.088"
31 , "PLCKERC044 G134.86+00.85"  ,, 38.38333 , 61.33833 , 134.86051 , 0.85379 , "2.0e+4+/-1669" , "7340.16+/-650" , "1.5e+4+/-880.01" , "5.6e+5+/-5.60e+5" , 1.81 , 2 , 1 , 7 , "0.907+/-0.048"
32 , "PLCKERC044 G149.52-28.54"  ,, 39.51042 , 28.76028 , 149.52497 , -28.54894 , "1719.5+/-171" , "1973.73+/-203.7" , "1946.4+/-121.35" , "2744.4+/-384.12" , 1.81 , 0 , 0 , 2 , "0.961+/-0.045"
33 , "PLCKERC044 G156.80-39.06"  ,, 39.70667 , 16.63694 , 156.80427 , -39.06978 , "1327.6+/-222" , "1093.44+/-215.5" , "1171.9+/-135.37" , "1051+/-298.92" , 1.81 , 0 , 0 , 2 , "0.826+/-0.069"
34 , "PLCKERC044 G161.93-43.34"  ,, 40.64875 , 10.95028 , 161.93898 , -43.34496 , "1342.5+/-199" , "1234.7+/-221.8" , "1307.2+/-135.94" , "1574+/-353.71" , 1.81 , 0 , 0 , 4 , "0.868+/-0.055"
35 , "PLCKERC044 G136.88+00.89"  ,, 42.21875 , 60.54583 , 136.88431 , 0.89537 , "1.9e+4+/-727" , "6113.69+/-656.8" , "1.5e+4+/-378.19" , "3.1e+4+/-3645.95" , 1.81 , 0 , 1 , 6 , "0.967+/-0.046"
36 , "PLCKERC044 G272.48-54.60"  ,, 43.38625 , -54.69583 , 272.481 , -54.60446 , "2678.5+/-153" , "2266.67+/-187.1" , "2570.8+/-95.63" , "3117.5+/-270.81" , 1.714 , 1 , 0 , 3 , "0.983+/-0.045"
37 , "PLCKERC044 G137.83+01.51"  ,, 44.52083 , 60.6725 , 137.83514 , 1.51894 , "1.6e+4+/-814" , "7389.61+/-335.4" , "1.1e+4+/-433.88" , "2.1e+4+/-2795.65" , 1.81 , 0 , 1 , 6 , "0.988+/-0.045"
38 , "PLCKERC044 G145.01-09.87"  ,, 45.9225 , 47.24528 , 145.01376 , -9.87664 , "1543.7+/-167" , "1176.1+/-182.9" , "1424.4+/-122.01" , "2504.5+/-452.19" , 1.714 , 0 , 0 , 5 , "0.887+/-0.049"
39 , "PLCKERC044 G280.18-48.64"  ,, 46.07 , -62.20111 , 280.18868 , -48.64452 , "1723.1+/-161" , "1418.85+/-195.7" , "1684.2+/-116.42" , "4829.7+/-739.59" , 1.81 , 0 , 1 , 2 , "0.914+/-0.047"
40 , "PLCKERC044 G140.88-01.39"  ,, 46.95375 , 56.64611 , 140.88818 , -1.39453 , "3483.8+/-223" , "1366.54+/-263.9" , "3140.7+/-159.14" , "1.1e+4+/-974.65" , 1.81 , 2 , 1 , 4 , "0.87+/-0.054"
41 , "PLCKERC044 G174.85-44.49"  ,, 47.12083 , 4.12889 , 174.85196 , -44.49217 , "1451+/-171" , "1277.6+/-207.6" , "1315.6+/-119.77" , "1336+/-349.38" , 1.81 , 1 , 0 , 4 , "0.891+/-0.049"
42 , "PLCKERC044 G293.41-37.55"  ,, 48.04875 , -76.85028 , 293.41348 , -37.5529 , "1633.1+/-109" , "1313.33+/-164.9" , "1431.8+/-69.69" , "2212.4+/-228.96" , 1.714 , 1 , 0 , 7 , "0.961+/-0.045"
43 , "PLCKERC044 G150.57-13.24"  ,, 49.96125 , 41.52722 , 150.57389 , -13.2436 , "1.3e+4+/-175" , "1.39e+4+/-260.1" , "1.4e+4+/-128.42" , "1.3e+4+/-262.46" , 1.81 , 0 , 0 , 5 , "1+/-0.045"
44 , "PLCKERC044 G240.06-56.90"  ,, 50.41708 , -37.13306 , 240.06896 , -56.90181 , "5117.2+/-203" , "3305.02+/-183.9" , "4496.2+/-132.18" , "8564.6+/-451.92" , 1.714 , 0 , 0 , 4 , "0.994+/-0.047"
45 , "PLCKERC044 G216.99-54.19"  ,, 52.55625 , -23.99611 , 216.99144 , -54.19783 , "1172.2+/-180" , "989.95+/-186" , "-" , "1196.7+/-298.69" , 1.714 , 0 , 0 , 3 , "0.833+/-0.067"
46 , "PLCKERC044 G244.77-54.05"  ,, 53.58583 , -40.14806 , 244.77151 , -54.05173 , "2356.3+/-107" , "2047.21+/-164.5" , "2484.1+/-89.58" , "2737+/-226.65" , 1.714 , 0 , 0 , 4 , "0.987+/-0.045"
47 , "PLCKERC044 G158.99-18.77"  ,, 54.1175 , 32.30556 , 158.99581 , -18.77123 , "2607.4+/-236" , "2679.02+/-253.4" , "2327.9+/-138.92" , "5366.3+/-702.39" , 1.81 , 0 , 1 , 5 , "0.967+/-0.045"
48 , "PLCKERC044 G187.95-42.51"  ,, 54.81292 , -1.78361 , 187.95643 , -42.51183 , "1630.6+/-166" , "1742.54+/-207.4" , "1704.6+/-123.39" , "1394+/-237.15" , 1.714 , 0 , 0 , 3 , "0.96+/-0.045"
49 , "PLCKERC044 G148.04-00.42"  ,, 58.20208 , 53.36361 , 148.04978 , -0.42287 , "2952.6+/-202" , "1232.6+/-213.2" , "2524.6+/-123.56" , "4707.5+/-546.28" , 1.81 , 0 , 0 , 5 , "0.819+/-0.072"
50 , "PLCKERC044 G144.36+05.28"  ,, 59.74 , 60.10167 , 144.36391 , 5.2828 , "1359.1+/-186" , "1524.54+/-204.9" , "1562.2+/-123.35" , "1102.7+/-1513.22" , 1.714 , 0 , 1 , 4 , "0.936+/-0.046"
51 , "PLCKERC044 G150.36-01.61"  ,, 59.8575 , 50.96389 , 150.36929 , -1.61029 , "1.2e+4+/-813" , "1.22e+4+/-343" , "9820.9+/-450.27" , "5.7e+4+/-6731.25" , 1.81 , 0 , 1 , 8 , "0.994+/-0.046"
52 , "PLCKERC044 G160.65-12.21"  ,, 60.73042 , 36.26694 , 160.65269 , -12.21659 , "1.1e+4+/-569" , "6373.1+/-338.6" , "8163.8+/-359.43" , "5.6e+4+/-2177.96" , 1.81 , 0 , 1 , 5 , "0.987+/-0.045"
53 , "PLCKERC044 G168.04-19.69"  ,, 60.75125 , 25.95972 , 168.04113 , -19.69105 , "1291.2+/-227" , "1142.62+/-193.4" , "1069.7+/-132.69" , "1114+/-319.94" , 1.81 , 0 , 0 , 4 , "0.835+/-0.066"
54 , "PLCKERC044 G237.71-48.46"  ,, 60.99667 , -36.0675 , 237.71923 , -48.46448 , "4061.6+/-113" , "4015.79+/-188.5" , "4402.8+/-91.79" , "4213.2+/-206.1" , 1.714 , 0 , 0 , 4 , "0.993+/-0.047"
55 , "PLCKERC044 G241.26-47.86"  ,, 61.7725 , -38.42861 , 241.26831 , -47.86901 , "1027.8+/-122" , "1159.36+/-160.2" , "1158.8+/-90.72" , "1273.1+/-221.69" , 1.714 , 0 , 0 , 4 , "0.933+/-0.046"
56 , "PLCKERC044 G151.61-00.29"  ,, 62.73375 , 51.11889 , 151.61541 , -0.2905 , "1.6e+4+/-425" , "1.36e+4+/-346.8" , "1.4e+4+/-187.28" , "1.6e+4+/-441.06" , 1.81 , 0 , 0 , 4 , "0.997+/-0.045"
57 , "PLCKERC044 G161.68-08.80"  ,, 64.61375 , 38.0325 , 161.68554 , -8.80144 , "3943.1+/-177" , "3086.65+/-312.3" , "3835.7+/-132.03" , "4355.2+/-347.62" , 1.81 , 0 , 0 , 5 , "0.987+/-0.045"
58 , "PLCKERC044 G195.26-33.13"  ,, 65.80833 , -1.32028 , 195.26294 , -33.13446 , "7852+/-175" , "7831.78+/-219.7" , "8344.1+/-120.59" , "8037.3+/-275.34" , 1.81 , 0 , 0 , 5 , "0.996+/-0.046"
59 , "PLCKERC044 G159.74-05.41"  ,, 65.99458 , 41.78194 , 159.74884 , -5.41207 , "1454.9+/-189" , "1046.96+/-206.3" , "1246+/-125.85" , "2261+/-479.05" , 1.81 , 1 , 0 , 5 , "0.812+/-0.074"
60 , "PLCKERC044 G240.73-43.59"  ,, 67.19833 , -37.95972 , 240.73905 , -43.59565 , "3444.5+/-129" , "2905.4+/-178" , "3413.7+/-96.56" , "3772.8+/-245.79" , 1.714 , 0 , 0 , 3 , "0.993+/-0.046"
61 , "PLCKERC044 G165.31-09.02"  ,, 67.51125 , 35.28778 , 165.31859 , -9.02536 , "2778.1+/-200" , "1863.55+/-223.8" , "2615.2+/-136.94" , "3593+/-444.78" , 1.81 , 1 , 0 , 5 , "0.934+/-0.046"
62 , "PLCKERC044 G190.36-27.41"  ,, 68.27542 , 5.35333 , 190.36054 , -27.41447 , "1862.6+/-173" , "2098.76+/-247" , "2034.8+/-130.98" , "1944.6+/-277.95" , 1.81 , 1 , 0 , 5 , "0.962+/-0.045"
63 , "PLCKERC044 G154.54+02.52"  ,, 69.1975 , 51.01583 , 154.54152 , 2.5276 , "1878.1+/-169" , "1516.17+/-256.7" , "1897.7+/-129.53" , "2263.9+/-361.12" , 1.81 , 0 , 0 , 6 , "0.914+/-0.047"
64 , "PLCKERC044 G170.59-11.66"  ,, 69.27375 , 29.65944 , 170.59354 , -11.66431 , "2197.7+/-189" , "1820.79+/-235.1" , "2194.6+/-140.54" , "2884.2+/-422.92" , 1.81 , 0 , 0 , 5 , "0.949+/-0.045"
65 , "PLCKERC044 G248.49-41.56"  ,, 70.07583 , -43.61583 , 248.49598 , -41.56223 , "1565.3+/-111" , "978.24+/-155.5" , "1467.7+/-79.25" , "4152.7+/-548.08" , 1.714 , 1 , 1 , 4 , "0.909+/-0.048"
66 , "PLCKERC044 G166.47-06.55"  ,, 70.72375 , 36.07778 , 166.47421 , -6.55125 , "1664.3+/-183" , "1344.56+/-215.7" , "1572.8+/-136.32" , "1982+/-390.28" , 1.81 , 1 , 0 , 5 , "0.899+/-0.049"
67 , "PLCKERC044 G187.36-20.81"  ,, 72.18583 , 11.36194 , 187.3659 , -20.81138 , "1371.5+/-255" , "1164.59+/-230.5" , "-" , "1084.3+/-292.39" , 1.81 , 1 , 0 , 5 , "0.827+/-0.069"
68 , "PLCKERC044 G293.87-31.39"  ,, 72.31917 , -81.02889 , 293.8797 , -31.39431 , "1725.3+/-98" , "1036.94+/-156" , "1871.4+/-39.5" , "3991.1+/-208.91" , 1.714 , 0 , 1 , 18 , "0.946+/-0.045"
69 , "PLCKERC044 G280.81-35.67"  ,, 72.96125 , -69.33722 , 280.81037 , -35.67521 , "2313.1+/-111" , "1549.04+/-236.6" , "2115.1+/-68.07" , "2729.3+/-167.97" , 1.714 , 0 , 0 , 20 , "0.96+/-0.045"
70 , "PLCKERC044 G228.98-37.00"  ,, 73.31375 , -28.09917 , 228.98562 , -37.00668 , "2301.9+/-163" , "1932.31+/-196" , "2356.9+/-121.84" , "5915.8+/-618.68" , 1.714 , 0 , 1 , 4 , "0.969+/-0.045"
71 , "PLCKERC044 G251.97-38.80"  ,, 73.97083 , -46.27528 , 251.97995 , -38.80786 , "2011.1+/-117" , "2141.11+/-171.1" , "2161.2+/-81.66" , "2006.5+/-170.9" , 1.714 , 0 , 0 , 5 , "0.989+/-0.045"
72 , "PLCKERC044 G277.18-36.04"  ,, 74.23625 , -66.41694 , 277.18785 , -36.04851 , "4407.6+/-117" , "3268.48+/-224.7" , "4044.1+/-80.19" , "4322.1+/-290.05" , 1.714 , 0 , 0 , 20 , "0.993+/-0.047"
73 , "PLCKERC044 G223.64-34.86"  ,, 74.27542 , -23.3575 , 223.64872 , -34.86857 , "1844.2+/-147" , "1785.66+/-193.1" , "2041.7+/-109.1" , "2599.7+/-311.82" , 1.714 , 0 , 0 , 5 , "0.963+/-0.045"
74 , "PLCKERC044 G270.50-36.01"  ,, 76.81208 , -61.13333 , 270.50474 , -36.01482 , "1306.7+/-85" , "1292.89+/-136.4" , "1224.5+/-49.4" , "1289.4+/-132.85" , 1.714 , 0 , 0 , 12 , "0.971+/-0.045"
75 , "PLCKERC044 G166.50+00.92"  ,, 78.23083 , 40.69389 , 166.50808 , 0.92263 , "1388.5+/-219" , "1256.67+/-226.4" , "1135.3+/-132.9" , "-995.5+/-257.75" , 1.81 , 1 , 0 , 5 , "0.855+/-0.059"
76 , "PLCKERC044 G271.52-34.72"  ,, 79.2625 , -62.13111 , 271.52019 , -34.72449 , "1359+/-89" , "1315.57+/-136.4" , "1328.8+/-60.75" , "3084+/-288.44" , 1.714 , 0 , 1 , 11 , "0.97+/-0.045"
77 , "PLCKERC044 G251.59-34.62"  ,, 79.97542 , -45.77722 , 251.59626 , -34.62119 , "4683.5+/-137" , "4479.4+/-166.5" , "4785.6+/-87.75" , "4753.4+/-200.82" , 1.714 , 0 , 0 , 5 , "0.991+/-0.046"
78 , "PLCKERC044 G278.40-33.32"  ,, 80.55208 , -67.98333 , 278.4087 , -33.32372 , "1892.6+/-125" , "2062.5+/-246.9" , "1909.2+/-69.29" , "2306.1+/-181.83" , 1.714 , 0 , 0 , 11 , "0.976+/-0.045"
79 , "PLCKERC044 G173.54-01.74"  ,, 80.59292 , 33.40639 , 173.54649 , -1.7456 , "2.1e+4+/-350" , "1.10e+4+/-429.5" , "1.7e+4+/-242.24" , "2.7e+4+/-523.32" , 1.81 , 0 , 0 , 4 , "0.992+/-0.045"
80 , "PLCKERC044 G240.58-32.71"  ,, 80.73625 , -36.44389 , 240.58989 , -32.71707 , "4761.6+/-152" , "4486.02+/-184.8" , "4793.1+/-109.06" , "5213.7+/-268.83" , 1.714 , 0 , 0 , 7 , "0.993+/-0.047"
81 , "PLCKERC044 G226.31-28.86"  ,, 81.26958 , -23.61083 , 226.31591 , -28.86176 , "1367.9+/-161" , "954.69+/-195.4" , "1234.2+/-110.7" , "1385+/-297.94" , 1.714 , 0 , 0 , 7 , "0.816+/-0.073"
82 , "PLCKERC044 G276.21-33.26"  ,, 81.41333 , -66.17778 , 276.21242 , -33.2685 , "1121.7+/-78" , "777.65+/-123.5" , "-364.1+/-82.64" , "1125.3+/-120.36" , 1.714 , 0 , 0 , 11 , "0.828+/-0.068"
83 , "PLCKERC044 G254.99-33.79"  ,, 81.50292 , -48.51917 , 254.99968 , -33.7997 , "1960.8+/-125" , "1343.91+/-159.5" , "1851.6+/-86.14" , "4416+/-435.77" , 1.714 , 1 , 1 , 5 , "0.958+/-0.045"
84 , "PLCKERC044 G215.19-24.21"  ,, 81.9225 , -12.65472 , 215.19378 , -24.21717 , "1602.6+/-156" , "1328.87+/-212.8" , "1489.2+/-116.58" , "1950.8+/-343.36" , 1.714 , 0 , 0 , 6 , "0.916+/-0.047"
85 , "PLCKERC044 G191.33-11.02"  ,, 82.70875 , 13.55111 , 191.33734 , -11.02327 , "1679.6+/-231" , "1482.68+/-268" , "1519.1+/-134.42" , "1302.8+/-269.22" , 1.81 , 1 , 0 , 6 , "0.863+/-0.056"
86 , "PLCKERC044 G281.86-32.05"  ,, 82.71542 , -71.06306 , 281.86296 , -32.0574 , "2053.6+/-102" , "1379.09+/-236.6" , "1658.3+/-66.67" , "4458.8+/-374.63" , 1.714 , 1 , 1 , 10 , "0.927+/-0.047"
87 , "PLCKERC044 G196.82-13.72"  ,, 83.16833 , 7.5675 , 196.825 , -13.72226 , "2073.4+/-234" , "1452.9+/-242.8" , "1836.3+/-130.76" , "3819+/-636.21" , 1.81 , 0 , 1 , 5 , "0.808+/-0.075"
88 , "PLCKERC044 G184.55-05.79"  ,, 83.62208 , 22.01333 , 184.55296 , -5.79347 , "2.9e+5+/-1250" , "2.90e+5+/-255.8" , "3.0e+5+/-658.33" , "2.9e+5+/-1415.27" , 1.81 , 0 , 0 , 5 , "1+/-0.048"
89 , "PLCKERC044 G270.10-32.72"  ,, 83.6525 , -61.12417 , 270.10509 , -32.72995 , "825.1+/-101" , "641.84+/-108" , "736.1+/-52" , "244.2+/-523.42" , 1.714 , 1 , 1 , 15 , "0.81+/-0.075"
90 , "PLCKERC044 G277.69-32.18"  ,, 83.74583 , -67.54917 , 277.69436 , -32.18892 , "2490.2+/-136" , "1733.29+/-241.6" , "2118.8+/-62.94" , "2725+/-165.6" , 1.714 , 0 , 0 , 12 , "0.962+/-0.045"
91 , "PLCKERC044 G208.99-19.37"  ,, 83.8175 , -5.37056 , 208.99245 , -19.37625 , "3.3e+5+/-1646" , "3.10e+5+/-314.5" , "3.3e+5+/-580.41" , "3.3e+5+/-1373.5" , 1.81 , 0 , 0 , 5 , "1+/-0.045"
92 , "PLCKERC044 G279.46-31.69"  ,, 84.62167 , -69.09972 , 279.46664 , -31.69139 , "3.7e+4+/-475" , "2.72e+4+/-249.6" , "3.3e+4+/-237.14" , "3.9e+4+/-476.24" , 1.81 , 0 , 0 , 10 , "1+/-0.046"
93 , "PLCKERC044 G250.08-31.07"  ,, 84.72792 , -44.08667 , 250.08642 , -31.07677 , "8462.5+/-127" , "8531.61+/-188.3" , "8889.6+/-91.26" , "8547.1+/-202.61" , 1.714 , 0 , 0 , 8 , "0.999+/-0.045"
94 , "PLCKERC044 G173.47+02.70"  ,, 85.075 , 35.90556 , 173.47832 , 2.70719 , "8806.5+/-238" , "5381.71+/-424.8" , "7886+/-173.08" , "1.3e+4+/-581.59" , 1.81 , 0 , 0 , 6 , "0.995+/-0.047"
95 , "PLCKERC044 G262.02-31.85"  ,, 85.2025 , -54.28806 , 262.02293 , -31.85783 , "1101.8+/-81" , "675.21+/-103.9" , "1107.1+/-52.95" , "2094.2+/-206.22" , 1.714 , 0 , 0 , 14 , "0.913+/-0.048"
96 , "PLCKERC044 G206.50-16.36"  ,, 85.41208 , -1.88611 , 206.5083 , -16.36186 , "5.7e+4+/-560" , "4.99e+4+/-314.5" , "5.4e+4+/-267.1" , "5.7e+4+/-571.77" , 1.81 , 0 , 0 , 5 , "1+/-0.047"
97 , "PLCKERC044 G205.28-14.36"  ,, 86.6275 , 0.09389 , 205.28455 , -14.3608 , "2371.7+/-187" , "2158.63+/-256.6" , "2317.7+/-129.46" , "4987.8+/-540.9" , 1.81 , 0 , 1 , 7 , "0.928+/-0.047"
98 , "PLCKERC044 G265.91-30.68"  ,, 87.6175 , -57.54694 , 265.91669 , -30.68533 , "1537.3+/-78" , "894+/-122.4" , "1449.3+/-46.85" , "2433.4+/-167.49" , 1.714 , 1 , 0 , 15 , "0.957+/-0.045"
99 , "PLCKERC044 G182.43+00.23"  ,, 88.04958 , 26.97389 , 182.43017 , 0.23396 , "2515.8+/-177" , "1924.41+/-219" , "2274.6+/-130.99" , "2497.6+/-336.85" , 1.81 , 1 , 0 , 7 , "0.956+/-0.045"
100 , "PLCKERC044 G207.35-13.08" ,, 88.70208 , -1.08972 , 207.35989 , -13.08011 , "2202.6+/-192" , "1175.05+/-206.9" , "1812+/-136.28" , "1.6e+4+/-4162.86" , 1.81 , 1 , 1 , 5 , "0.818+/-0.072"
101 , "PLCKERC044 G171.68+07.25" ,, 88.87708 , 39.76472 , 171.68964 , 7.25986 , "1598.8+/-184" , "1530.81+/-183.5" , "1652.5+/-126.09" , "1464.9+/-258.43" , 1.81 , 0 , 0 , 7 , "0.919+/-0.047"
102 , "PLCKERC044 G252.34-27.76" ,, 89.81167 , -45.43639 , 252.34965 , -27.76616 , "1169.8+/-114" , "926.65+/-168.6" , "1129.6+/-80.36" , "1629.3+/-266.33" , 1.714 , 2 , 0 , 8 , "0.91+/-0.048"
103 , "PLCKERC044 G180.83+04.13" ,, 90.995 , 30.30583 , 180.83033 , 4.13612 , "1489.9+/-182" , "1117.5+/-216.7" , "1296.4+/-122.96" , "2721.3+/-575.43" , 1.81 , 1 , 1 , 5 , "0.842+/-0.064"
104 , "PLCKERC044 G213.69-12.59" ,, 91.94625 , -6.36972 , 213.69196 , -12.59403 , "7294.8+/-185" , "7183.82+/-220" , "7626+/-123.65" , "7393.4+/-283.48" , 1.81 , 0 , 0 , 6 , "0.994+/-0.046"
105 , "PLCKERC044 G215.74-13.53" ,, 91.99 , -8.58222 , 215.74954 , -13.53223 , "2253.4+/-150" , "2277.59+/-211.3" , "2405.6+/-113.58" , "2343.7+/-257.89" , 1.714 , 0 , 0 , 6 , "0.977+/-0.045"
106 , "PLCKERC044 G269.49-28.65" ,, 91.99292 , -60.5 , 269.49143 , -28.65191 , "562+/-111" , "561.89+/-109.1" , "735.8+/-65.9" , "2532.8+/-584.84" , 1.714 , 0 , 1 , 14 , "0.846+/-0.062"
107 , "PLCKERC044 G194.09-02.00" ,, 92.18292 , 15.73944 , 194.09166 , -2.00606 , "6518.2+/-218" , "3665.33+/-281" , "5863.7+/-126.99" , "7620.6+/-362.35" , 1.81 , 0 , 0 , 5 , "0.987+/-0.045"
108 , "PLCKERC044 G228.91-18.94" ,, 92.26042 , -22.31778 , 228.91113 , -18.94077 , "1218.5+/-149" , "951.66+/-183.3" , "1187.6+/-104.84" , "1574.2+/-334.5" , 1.714 , 1 , 0 , 6 , "0.836+/-0.066"
109 , "PLCKERC044 G190.01+00.46" ,, 92.38292 , 20.50417 , 190.01384 , 0.46666 , "2.2e+4+/-265" , "1.29e+4+/-365.1" , "2.0e+4+/-194.01" , "2.6e+4+/-404.87" , 1.81 , 0 , 0 , 6 , "0.998+/-0.045"
110 , "PLCKERC044 G222.61-16.18" ,, 92.41458 , -15.71333 , 222.61056 , -16.18896 , "2698.7+/-137" , "3571.43+/-203.2" , "3101.7+/-109.71" , "2598.4+/-213.84" , 1.714 , 0 , 0 , 4 , "0.995+/-0.047"
111 , "PLCKERC044 G192.60-00.06" ,, 93.20833 , 17.97306 , 192.60721 , -0.06968 , "4366.6+/-189" , "4084.6+/-357.1" , "4506+/-126.68" , "4587.2+/-291.07" , 1.81 , 0 , 0 , 6 , "0.99+/-0.045"
112 , "PLCKERC044 G196.46-01.60" ,, 93.72458 , 13.84611 , 196.46946 , -1.60799 , "1300.5+/-222" , "1340.38+/-215" , "1296.2+/-122.5" , "2621.3+/-583.29" , 1.81 , 0 , 1 , 4 , "0.882+/-0.05"
113 , "PLCKERC044 G189.02+03.05" ,, 94.32 , 22.60556 , 189.02934 , 3.05394 , "2.0e+4+/-371" , "6361.09+/-421.5" , "1.7e+4+/-270.37" , "3.2e+4+/-590.9" , 1.81 , 0 , 0 , 5 , "0.991+/-0.045"
114 , "PLCKERC044 G195.69-00.04" ,, 94.76333 , 15.26639 , 195.6968 , -0.04888 , "2228.7+/-167" , "1629.17+/-215" , "2235.3+/-126.74" , "2677.8+/-359.3" , 1.81 , 0 , 0 , 5 , "0.927+/-0.047"
115 , "PLCKERC044 G189.32+04.28" ,, 95.64958 , 22.91861 , 189.328 , 4.28383 , "6698.1+/-415" , "1953.65+/-311.1" , "4815.8+/-176.59" , "8264.9+/-1109.2" , 1.81 , 0 , 1 , 5 , "0.859+/-0.042"
116 , "PLCKERC044 G274.28-27.31" ,, 95.78375 , -64.57778 , 274.28048 , -27.31556 , "1067.8+/-70" , "841.16+/-139.8" , "993.8+/-45.96" , "1508.4+/-153.09" , 1.714 , 1 , 0 , 13 , "0.94+/-0.046"
117 , "PLCKERC044 G228.60-13.65" ,, 97.34625 , -19.9575 , 228.60994 , -13.65116 , "1254.9+/-161" , "1292.24+/-183.2" , "1175.5+/-107.62" , "1160.2+/-236.68" , 1.714 , 0 , 0 , 5 , "0.919+/-0.047"
118 , "PLCKERC044 G206.71-01.96" ,, 98.26875 , 4.62583 , 206.7195 , -1.96102 , "4.1e+4+/-1868" , "1.59e+4+/-728.2" , "2.5e+4+/-747.53" , "4.4e+4+/-1.14e+4" , 1.81 , 0 , 1 , 6 , "1+/-0.045"
119 , "PLCKERC044 G208.76-02.59" ,, 98.64667 , 2.51833 , 208.76597 , -2.59485 , "6982.8+/-246" , "3775.6+/-699.7" , "5872.3+/-152.7" , "8066.4+/-761.61" , 1.81 , 0 , 1 , 5 , "0.986+/-0.045"
120 , "PLCKERC044 G232.60-14.00" ,, 98.6975 , -23.64278 , 232.60229 , -14.00652 , "1072.1+/-171" , "821.72+/-164" , "953.5+/-100.75" , "1063.4+/-245.99" , 1.714 , 0 , 0 , 6 , "0.799+/-0.079"
121 , "PLCKERC044 G286.36-27.15" ,, 98.96417 , -75.27194 , 286.36968 , -27.1532 , "4304.2+/-78" , "3416.4+/-129.2" , "4379+/-58.3" , "4533.7+/-135.11" , 1.714 , 0 , 0 , 15 , "0.992+/-0.046"
122 , "PLCKERC044 G201.57+01.64" ,, 99.11375 , 10.84806 , 201.57972 , 1.64585 , "7571.3+/-265" , "5404.64+/-265.6" , "7113.8+/-137.11" , "9485.9+/-381.93" , 1.81 , 0 , 0 , 5 , "0.992+/-0.046"
123 , "PLCKERC044 G141.27+25.08" ,, 99.92375 , 73.41556 , 141.27742 , 25.08771 , "1138.6+/-192" , "1171.92+/-202.4" , "2060.9+/-8543.38" , "1140.8+/-258.73" , 1.714 , 1 , 0 , 7 , "0.896+/-0.049"
124 , "PLCKERC044 G203.15+02.11" ,, 100.26542 , 9.66167 , 203.15419 , 2.11041 , "4477.8+/-218" , "2307.21+/-254.6" , "3925.3+/-157.35" , "9458+/-750.64" , 1.81 , 0 , 1 , 5 , "0.94+/-0.046"
125 , "PLCKERC044 G211.96-01.22" ,, 101.32833 , 0.29639 , 211.96971 , -1.22721 , "9374.7+/-264" , "4070.4+/-288.5" , "7605.8+/-188.38" , "1.9e+4+/-768.62" , 1.81 , 0 , 1 , 6 , "0.988+/-0.045"
126 , "PLCKERC044 G171.09+17.92" ,, 101.61333 , 44.83833 , 171.09981 , 17.92647 , "1752.8+/-176" , "2256.34+/-200" , "2115.1+/-125.02" , "1855.6+/-257.22" , 1.81 , 1 , 0 , 6 , "0.972+/-0.045"
127 , "PLCKERC044 G227.69-07.73" ,, 102.58417 , -16.62806 , 227.69955 , -7.73426 , "2007.3+/-156" , "1538.14+/-202.4" , "1911.9+/-117.5" , "2584.1+/-365.13" , 1.714 , 1 , 0 , 5 , "0.939+/-0.046"
128 , "PLCKERC044 G198.54+09.56" ,, 105.02292 , 17.08667 , 198.54355 , 9.56096 , "1406.9+/-176" , "1132.15+/-210.2" , "1434.4+/-124.45" , "1462.2+/-314.26" , 1.81 , 0 , 0 , 6 , "0.845+/-0.063"
129 , "PLCKERC044 G256.81-17.71" ,, 105.39042 , -46.58472 , 256.81388 , -17.71071 , "1339.9+/-81" , "833.32+/-138.6" , "1272+/-61.69" , "1542.9+/-204.4" , 1.714 , 1 , 0 , 10 , "0.827+/-0.069"
130 , "PLCKERC044 G223.68-01.91" ,, 106.07833 , -10.44083 , 223.6848 , -1.91897 , "6567.1+/-564" , "2622.16+/-281.4" , "4505.6+/-183.03" , "1.4e+4+/-1216.82" , 1.81 , 0 , 1 , 7 , "0.884+/-0.05"
131 , "PLCKERC044 G225.40-02.61" ,, 106.2475 , -12.28417 , 225.40108 , -2.61488 , "3394.1+/-309" , "1591.82+/-275.6" , "2309.9+/-150.43" , "1.1e+4+/-1291.98" , 1.81 , 0 , 1 , 4 , "0.752+/-0.095"
132 , "PLCKERC044 G231.50-04.44" ,, 107.44333 , -18.54083 , 231.50501 , -4.4482 , "2686.8+/-135" , "2978.56+/-212.6" , "2927.2+/-108.24" , "2766.4+/-240.24" , 1.714 , 0 , 0 , 5 , "0.99+/-0.045"
133 , "PLCKERC044 G227.76-00.12" ,, 109.62958 , -13.23444 , 227.76957 , -0.12921 , "3769.8+/-159" , "2566.93+/-282.1" , "3517.8+/-116.47" , "4397.5+/-331.39" , 1.714 , 0 , 0 , 6 , "0.986+/-0.045"
134 , "PLCKERC044 G185.03+19.87" ,, 109.84833 , 33.13278 , 185.03728 , 19.87198 , "1352.9+/-190" , "1072.51+/-207.5" , "1175.5+/-125.8" , "2335.7+/-579.24" , 1.81 , 0 , 1 , 5 , "0.816+/-0.073"
135 , "PLCKERC044 G143.96+28.01" ,, 110.44833 , 71.35917 , 143.96281 , 28.01049 , "1921.6+/-147" , "2201.16+/-192.1" , "2091.1+/-106.82" , "2032.8+/-241.68" , 1.714 , 0 , 0 , 4 , "0.981+/-0.045"
136 , "PLCKERC044 G239.40-04.91" ,, 110.9225 , -25.745 , 239.40823 , -4.91182 , "2407.4+/-156" , "1062.49+/-187" , "2097.9+/-98.76" , "2430.5+/-522.66" , 1.81 , 0 , 1 , 6 , "0.798+/-0.079"
137 , "PLCKERC044 G217.71+07.23" ,, 111.47875 , -0.93 , 217.71824 , 7.23641 , "2608.5+/-186" , "3319.21+/-212.7" , "-" , "2647.2+/-237.87" , 1.81 , 0 , 0 , 5 , "0.99+/-0.046"
138 , "PLCKERC044 G233.72-00.18" ,, 112.51333 , -18.5075 , 233.72689 , -0.18425 , "1833.3+/-270" , "1257.72+/-232.6" , "3477.7+/-162.41" , "2.6e+4+/-3260.08" , 1.81 , 2 , 1 , 5 , "0.884+/-0.05"
139 , "PLCKERC044 G227.76+03.11" ,, 112.55125 , -11.69306 , 227.7602 , 3.11313 , "6547+/-150" , "6000.5+/-237.7" , "6652.8+/-113.01" , "6695.5+/-264.2" , 1.714 , 0 , 0 , 8 , "0.993+/-0.046"
140 , "PLCKERC044 G266.46-16.44" ,, 112.78167 , -54.63944 , 266.46353 , -16.44646 , "845.3+/-130" , "740.61+/-144.6" , "764+/-77.13" , "2167.3+/-508.09" , 1.714 , 1 , 1 , 8 , "0.837+/-0.065"
141 , "PLCKERC044 G232.60+00.94" ,, 112.98375 , -16.98472 , 232.60723 , 0.94102 , "1433.7+/-168" , "1275.5+/-232.6" , "1266.3+/-113.04" , "1317.2+/-288.29" , 1.81 , 1 , 0 , 5 , "0.891+/-0.049"
142 , "PLCKERC044 G237.29-01.21" ,, 113.38458 , -22.13 , 237.2951 , -1.21351 , "1234.7+/-174" , "996.76+/-190.1" , "1013.1+/-110.99" , "7953.1+/-3240.71" , 1.714 , 0 , 1 , 6 , "0.817+/-0.072"
143 , "PLCKERC044 G234.66+00.87" ,, 113.97333 , -18.81972 , 234.66868 , 0.87582 , "3438.3+/-167" , "1682.27+/-235.1" , "2876.6+/-111.62" , "5380+/-463.95" , 1.81 , 0 , 0 , 6 , "0.949+/-0.045"
144 , "PLCKERC044 G279.46-20.14" ,, 115.84125 , -67.44167 , 279.46783 , -20.14518 , "989.1+/-102" , "1300.51+/-142.6" , "1121.4+/-70.97" , "984.4+/-142.16" , 1.714 , 0 , 0 , 10 , "0.963+/-0.045"
145 , "PLCKERC044 G251.02-05.35" ,, 116.97333 , -36.10167 , 251.02436 , -5.35485 , "2398.8+/-128" , "1312.13+/-198.1" , "2172.7+/-73.08" , "3558.9+/-261.3" , 1.714 , 0 , 0 , 8 , "0.929+/-0.046"
146 , "PLCKERC044 G202.37+20.83" ,, 117.41167 , 18.33417 , 202.37705 , 20.83676 , "1215.6+/-220" , "881.6+/-175.5" , "1287.1+/-123.35" , "1518.6+/-473.73" , 1.81 , 1 , 0 , 5 , "0.766+/-0.09"
147 , "PLCKERC044 G208.16+18.73" ,, 117.7 , 12.50417 , 208.16646 , 18.73986 , "3897.8+/-154" , "3624.93+/-202.9" , "3958.2+/-120.59" , "4144.3+/-291.96" , 1.81 , 0 , 0 , 4 , "0.993+/-0.046"
148 , "PLCKERC044 G243.17+00.42" ,, 118.15417 , -26.41167 , 243.17203 , 0.4259 , "1.2e+4+/-150" , "1.01e+4+/-221" , "1.2e+4+/-105.65" , "1.4e+4+/-250.33" , 1.714 , 0 , 0 , 5 , "0.999+/-0.045"
149 , "PLCKERC044 G211.27+19.03" ,, 119.23667 , 9.96694 , 211.27024 , 19.03079 , "1323.3+/-192" , "1566.39+/-193.5" , "1502.6+/-122.66" , "1370.7+/-258.68" , 1.81 , 0 , 0 , 5 , "0.927+/-0.047"
150 , "PLCKERC044 G229.06+13.16" ,, 122.07625 , -7.87361 , 229.06644 , 13.16223 , "2546.1+/-139" , "2473.03+/-188.3" , "2568.3+/-109.57" , "2525.4+/-257.16" , 1.714 , 0 , 0 , 7 , "0.987+/-0.045"
151 , "PLCKERC044 G253.65-00.21" ,, 124.075 , -35.61778 , 253.65881 , -0.21401 , "1.1e+4+/-315" , "5027.95+/-211.6" , "8859.1+/-159.16" , "1.5e+4+/-409.76" , 1.81 , 0 , 0 , 6 , "0.995+/-0.047"
152 , "PLCKERC044 G178.25+33.41" ,, 124.59375 , 42.35833 , 178.25563 , 33.41897 , "2003.5+/-167" , "1593.6+/-203.8" , "1887.9+/-121.82" , "2091.5+/-313.95" , 1.714 , 0 , 0 , 5 , "0.946+/-0.045"
153 , "PLCKERC044 G254.70+00.21" ,, 125.24375 , -36.24167 , 254.70736 , 0.21661 , "6764+/-399" , "3457.88+/-211.6" , "4624.4+/-169.43" , "9852.9+/-1964.4" , 1.81 , 0 , 1 , 8 , "0.985+/-0.045"
154 , "PLCKERC044 G260.65-03.22" ,, 125.98542 , -43.08583 , 260.65577 , -3.22151 , "6914.9+/-219" , "2571.93+/-299.7" , "5876.2+/-136.85" , "1.2e+4+/-541.24" , 1.81 , 0 , 1 , 7 , "0.914+/-0.045"
155 , "PLCKERC044 G182.14+34.15" ,, 126.17833 , 39.26917 , 182.14466 , 34.15056 , "1265.2+/-200" , "1235.74+/-197.2" , "1118.1+/-121.98" , "2697.9+/-625.54" , 1.81 , 0 , 1 , 4 , "0.892+/-0.049"
156 , "PLCKERC044 G200.06+31.89" ,, 127.745 , 24.15139 , 200.06656 , 31.89053 , "1491.8+/-165" , "1141.57+/-204.2" , "1499.1+/-122.04" , "2778.7+/-491.62" , 1.714 , 0 , 0 , 6 , "0.877+/-0.052"
157 , "PLCKERC044 G269.52-07.47" ,, 128.46042 , -52.74583 , 269.52351 , -7.47804 , "2106.8+/-134" , "888.1+/-167.7" , "1750+/-92.68" , "5717.3+/-667.23" , 1.714 , 1 , 1 , 6 , "0.793+/-0.08"
158 , "PLCKERC044 G275.52-11.48" ,, 128.8 , -59.8925 , 275.52517 , -11.48879 , "833.7+/-157" , "799.52+/-157.9" , "635.9+/-74.96" , "761+/-209.4" , 1.714 , 1 , 0 , 7 , "0.836+/-0.066"
159 , "PLCKERC044 G243.53+12.26" ,, 129.16958 , -20.23583 , 243.53473 , 12.26308 , "1582+/-139" , "1013.5+/-165.2" , "1393.9+/-96.15" , "1966.8+/-306.21" , 1.714 , 0 , 0 , 5 , "0.888+/-0.049"
160 , "PLCKERC044 G213.00+30.10" ,, 130.18208 , 13.16222 , 213.00727 , 30.10648 , "1576.5+/-152" , "1295.38+/-177.8" , "1586.5+/-112.03" , "2361.3+/-375.09" , 1.714 , 0 , 0 , 6 , "0.91+/-0.048"
161 , "PLCKERC044 G143.55+34.41" ,, 130.30042 , 70.89 , 143.55225 , 34.4111 , "3170+/-118" , "3524.48+/-189.8" , "3560.5+/-94.06" , "3337.7+/-206.3" , 1.714 , 0 , 0 , 6 , "0.995+/-0.047"
162 , "PLCKERC044 G261.44+00.94" ,, 131.13333 , -41.22778 , 261.44461 , 0.94813 , "6889+/-254" , "4280.63+/-373.5" , "6394.4+/-148.05" , "1.1e+4+/-467.76" , 1.81 , 0 , 0 , 7 , "0.947+/-0.045"
163 , "PLCKERC044 G263.57-00.55" ,, 131.32958 , -43.82917 , 263.57189 , -0.55633 , "4276.3+/-464" , "2272.68+/-373.5" , "5217.5+/-235.19" , "2.3e+5+/-1.46e+5" , 1.81 , 0 , 1 , 6 , "0.857+/-0.058"
164 , "PLCKERC044 G257.77+05.19" ,, 132.44208 , -35.70806 , 257.77272 , 5.19969 , "853.4+/-150" , "894.63+/-165.2" , "777.5+/-87.72" , "3238.7+/-1012.92" , 1.714 , 0 , 1 , 7 , "0.891+/-0.049"
165 , "PLCKERC044 G262.95+01.58" ,, 133.05917 , -41.99833 , 262.95041 , 1.5814 , "3989.4+/-435" , "2903.82+/-205.2" , "2473.2+/-142.92" , "2.1e+4+/-2160.64" , 1.81 , 0 , 1 , 6 , "0.77+/-0.089"
166 , "PLCKERC044 G275.35-08.51" ,, 133.1875 , -57.96306 , 275.35256 , -8.51967 , "1427.7+/-116" , "1172.96+/-154.5" , "1319.1+/-77.1" , "1385+/-187.83" , 1.714 , 0 , 0 , 8 , "0.941+/-0.046"
167 , "PLCKERC044 G264.51+00.49" ,, 133.28958 , -43.8925 , 264.51398 , 0.49881 , "5701.5+/-658" , "3123.36+/-281.5" , "6044.9+/-231.73" , "1.3e+4+/-6322.83" , 1.81 , 2 , 1 , 6 , "0.838+/-0.065"
168 , "PLCKERC044 G206.78+35.81" ,, 133.69083 , 20.12861 , 206.78358 , 35.81653 , "7340+/-160" , "6668.32+/-228.6" , "7462.8+/-114.27" , "7623.2+/-275.63" , 1.81 , 0 , 0 , 5 , "0.993+/-0.046"
169 , "PLCKERC044 G267.95-01.04" ,, 134.8025 , -47.515 , 267.95702 , -1.04533 , "2.0e+5+/-1510" , "1.60e+5+/-562.1" , "1.9e+5+/-811.77" , "2.1e+5+/-1514.05" , 1.81 , 0 , 0 , 7 , "1+/-0.046"
170 , "PLCKERC044 G265.13+01.44" ,, 134.84667 , -43.755 , 265.13785 , 1.44311 , "2.0e+4+/-327" , "2.03e+4+/-394.1" , "2.0e+4+/-147.22" , "1.9e+4+/-314.31" , 1.81 , 0 , 0 , 7 , "0.993+/-0.046"
171 , "PLCKERC044 G269.17-01.36" ,, 135.64667 , -48.6425 , 269.17699 , -1.3645 , "2.2e+4+/-1288" , "1.58e+4+/-556" , "1.7e+4+/-638.05" , "2.0e+4+/-1186.84" , 1.81 , 0 , 0 , 6 , "0.993+/-0.046"
172 , "PLCKERC044 G276.13-07.04" ,, 136.23625 , -57.60667 , 276.13833 , -7.04933 , "866.5+/-152" , "970.91+/-165.1" , "820.4+/-82.42" , "1632.1+/-339.15" , 1.714 , 1 , 0 , 7 , "0.919+/-0.047"
173 , "PLCKERC044 G229.02+30.90" ,, 137.30625 , 1.2925 , 229.02041 , 30.9023 , "1088.6+/-184" , "1203.31+/-192.6" , "990.1+/-107.7" , "-1.0e+4+/--1.00e+4" , 1.714 , 0 , 0 , 7 , "0.899+/-0.049"
174 , "PLCKERC044 G270.28+00.84" ,, 139.21917 , -47.9475 , 270.28476 , 0.84986 , "4872.8+/-268" , "4592.44+/-532.8" , "5370+/-102.51" , "4911+/-439.33" , 1.81 , 0 , 0 , 6 , "0.946+/-0.045"
175 , "PLCKERC044 G175.68+44.81" ,, 140.23958 , 44.70639 , 175.6892 , 44.81208 , "2149.1+/-151" , "2275.41+/-209" , "2362.5+/-109.46" , "2177.8+/-255.74" , 1.714 , 0 , 0 , 6 , "0.978+/-0.045"
176 , "PLCKERC044 G255.10+16.51" ,, 140.42375 , -26.31056 , 255.10463 , 16.51479 , "1122.3+/-126" , "1149.94+/-173.6" , "1152.3+/-89.41" , "1224.2+/-217.38" , 1.714 , 0 , 0 , 6 , "0.925+/-0.047"
177 , "PLCKERC044 G198.84+44.41" ,, 140.97458 , 28.28639 , 198.84129 , 44.41325 , "1435.5+/-163" , "1270.27+/-193.8" , "1414+/-116.05" , "1247.2+/-243.65" , 1.714 , 0 , 0 , 5 , "0.907+/-0.048"
178 , "PLCKERC044 G274.01-01.16" ,, 141.095 , -52.01194 , 274.01427 , -1.16649 , "2.5e+4+/-166" , "2.42e+4+/-402.6" , "2.5e+4+/-99.98" , "2.5e+4+/-224" , 1.81 , 0 , 0 , 7 , "1+/-0.045"
179 , "PLCKERC044 G183.68+46.17" ,, 141.78208 , 39.0575 , 183.68185 , 46.17916 , "6600.3+/-171" , "6992.85+/-218.8" , "7023.6+/-121.98" , "6419.5+/-259.97" , 1.714 , 0 , 0 , 5 , "0.995+/-0.046"
180 , "PLCKERC044 G251.63+21.43" ,, 141.97292 , -20.57028 , 251.6345 , 21.43513 , "1073.4+/-157" , "1217.95+/-181" , "731.5+/-161.47" , "928.9+/-194.4" , 1.714 , 0 , 0 , 6 , "0.919+/-0.047"
181 , "PLCKERC044 G180.98+50.28" ,, 147.23792 , 40.66611 , 180.98566 , 50.28983 , "1913.7+/-159" , "1265.04+/-207.4" , "1804.2+/-109.62" , "2142.8+/-300.73" , 1.714 , 1 , 0 , 5 , "0.901+/-0.048"
182 , "PLCKERC044 G236.54+38.78" ,, 147.27792 , 0.44556 , 236.54351 , 38.78724 , "1130.3+/-164" , "996.86+/-182.7" , "1008.5+/-106.85" , "1655.9+/-385.72" , 1.714 , 1 , 0 , 6 , "0.856+/-0.059"
183 , "PLCKERC044 G141.48+40.53" ,, 148.805 , 69.65083 , 141.48365 , 40.5375 , "1213.3+/-173" , "970.18+/-179.9" , "1032+/-99.1" , "-1634.4+/-333.02" , 1.714 , 0 , 0 , 6 , "0.818+/-0.072"
184 , "PLCKERC044 G145.74+43.10" ,, 149.64125 , 65.5775 , 145.74921 , 43.10556 , "965.1+/-176" , "877.37+/-173.6" , "920.4+/-100.34" , "2177.4+/-537.81" , 1.714 , 1 , 1 , 6 , "0.838+/-0.065"
185 , "PLCKERC044 G281.02-01.52" ,, 149.81167 , -56.88389 , 281.02731 , -1.52335 , "1.0e+4+/-1464" , "5885.73+/-778.6" , "5586.4+/-745.64" , "-457.8+/-7858.56" , 1.81 , 0 , 1 , 5 , "0.895+/-0.049"
186 , "PLCKERC044 G277.90+04.35" ,, 151.52583 , -50.30472 , 277.9049 , 4.35698 , "1963.9+/-131" , "1311.08+/-174.8" , "1960.8+/-106.94" , "4276.6+/-531.43" , 1.714 , 1 , 1 , 5 , "0.932+/-0.046"
187 , "PLCKERC044 G282.01-01.13" ,, 151.68708 , -57.16333 , 282.01321 , -1.13815 , "5.1e+4+/-1448" , "2.20e+4+/-1633.4" , "4.7e+4+/-693" , "7.7e+4+/-1123.83" , 1.81 , 0 , 0 , 5 , "0.989+/-0.045"
188 , "PLCKERC044 G268.48+21.01" ,, 154.6225 , -31.43556 , 268.48076 , 21.01621 , "1490.1+/-157" , "960.55+/-182.7" , "1390.3+/-98.02" , "4165.9+/-648.79" , 1.714 , 0 , 1 , 7 , "0.839+/-0.064"
189 , "PLCKERC044 G181.40+56.02" ,, 154.63542 , 39.66083 , 181.40006 , 56.02454 , "1233.5+/-232" , "800.86+/-156.3" , "910.2+/-107.36" , "-522.6+/-4737.35" , 1.81 , 2 , 0 , 6 , "0.741+/-0.099"
190 , "PLCKERC044 G284.28-00.33" ,, 156.02542 , -57.77722 , 284.28935 , -0.33993 , "2.2e+5+/-4104" , "1.23e+5+/-4150.5" , "2.0e+5+/-2045.96" , "2.1e+5+/-5412.17" , 1.81 , 0 , 0 , 4 , "1+/-0.046"
191 , "PLCKERC044 G177.42+58.35" ,, 158.24458 , 41.25028 , 177.42865 , 58.35722 , "1772.2+/-142" , "1760.01+/-179" , "1862+/-100.44" , "1792.3+/-228.8" , 1.714 , 0 , 0 , 5 , "0.967+/-0.045"
192 , "PLCKERC044 G270.97+24.89" ,, 159.36417 , -29.53611 , 270.97179 , 24.89464 , "1386.2+/-136" , "1270.27+/-193.1" , "1325.7+/-94.95" , "1223.5+/-200.13" , 1.714 , 0 , 0 , 7 , "0.93+/-0.046"
193 , "PLCKERC044 G241.61+51.55" ,, 159.64625 , 5.2525 , 241.61499 , 51.55609 , "930+/-188" , "1247.25+/-175.9" , "-" , "-225.5+/-344.7" , 1.714 , 0 , 0 , 6 , "0.922+/-0.047"
194 , "PLCKERC044 G241.03+52.71" ,, 160.34292 , 6.25167 , 241.03079 , 52.71819 , "1013.5+/-200" , "1087.16+/-183.1" , "-" , "753.7+/-195.27" , 1.714 , 0 , 0 , 5 , "0.89+/-0.049"
195 , "PLCKERC044 G287.46-00.64" ,, 161.025 , -59.64083 , 287.46961 , -0.6478 , "3.6e+5+/-7246" , "1.92e+5+/-4150.5" , "2.9e+5+/-4647.99" , "5.4e+5+/-8232.25" , 1.81 , 0 , 0 , 3 , "1+/-0.046"
196 , "PLCKERC044 G289.03-00.32" ,, 164.10208 , -60.06056 , 289.03877 , -0.32896 , "1.4e+4+/-1985" , "1.15e+4+/-2062.4" , "9431.2+/-1011.47" , "6353.8+/-1.17e+4" , 1.81 , 0 , 1 , 3 , "0.881+/-0.05"
197 , "PLCKERC044 G135.96+43.94" ,, 164.27 , 70.17306 , 135.96052 , 43.94864 , "1248.1+/-123" , "933.24+/-169.9" , "1221.4+/-88.87" , "1472.6+/-241.29" , 1.714 , 0 , 0 , 7 , "0.881+/-0.05"
198 , "PLCKERC044 G297.99-18.29" ,, 164.56 , -80.06583 , 297.99034 , -18.29825 , "2490.6+/-114" , "2188.06+/-162.5" , "2574.7+/-86.17" , "2621.7+/-219.51" , 1.714 , 0 , 0 , 7 , "0.989+/-0.045"
199 , "PLCKERC044 G251.49+52.77" ,, 164.61583 , 1.57194 , 251.4952 , 52.77283 , "4501.7+/-135" , "4918.73+/-192.6" , "4896.1+/-96.75" , "4376.1+/-204.78" , 1.714 , 0 , 0 , 4 , "0.992+/-0.046"
200 , "PLCKERC044 G289.79-01.22" ,, 164.7325 , -61.19111 , 289.79819 , -1.22183 , "5.7e+4+/-1641" , "2.00e+4+/-2106.2" , "4.7e+4+/-663.2" , "8.0e+4+/-999.55" , 1.81 , 0 , 0 , 3 , "0.973+/-0.046"
201 , "PLCKERC044 G133.76+42.31" ,, 165.44125 , 72.4275 , 133.76867 , 42.31605 , "1615.8+/-122" , "813.54+/-149.7" , "1418.5+/-90.79" , "2773.6+/-398.46" , 1.714 , 1 , 1 , 7 , "0.831+/-0.068"
202 , "PLCKERC044 G284.20+14.24" ,, 166.84042 , -44.80972 , 284.20333 , 14.24401 , "2239.8+/-199" , "1840.53+/-238.2" , "2247+/-147.56" , "2636.4+/-422.13" , 1.81 , 0 , 0 , 2 , "0.925+/-0.047"
203 , "PLCKERC044 G291.62-00.50" ,, 168.80917 , -61.24361 , 291.62479 , -0.50185 , "2.4e+5+/-4094" , "1.33e+5+/-4535.7" , "2.1e+5+/-2569.97" , "3.0e+5+/-3592" , 1.81 , 0 , 0 , 2 , "1+/-0.046"
204 , "PLCKERC044 G292.03+01.77" ,, 171.1725 , -59.25111 , 292.03612 , 1.77306 , "5087.9+/-199" , "4789.19+/-478.2" , "5162.8+/-151.5" , "4975.6+/-344.7" , 1.81 , 0 , 0 , 3 , "0.975+/-0.045"
205 , "PLCKERC044 G276.76+39.57" ,, 171.79583 , -18.97444 , 276.76683 , 39.57818 , "1688.2+/-220" , "1255.62+/-241.6" , "1471.5+/-155.9" , "2916.6+/-677.64" , 1.81 , 0 , 1 , 3 , "0.823+/-0.07"
206 , "PLCKERC044 G293.64-01.34" ,, 172.23875 , -62.72083 , 293.64057 , -1.34677 , "1.4e+4+/-977" , "6741.53+/-864.7" , "1.4e+4+/-349.5" , "1.3e+4+/-1382.65" , 1.81 , 0 , 0 , 2 , "0.805+/-0.076"
207 , "PLCKERC044 G275.31+43.65" ,, 172.56 , -14.81667 , 275.3136 , 43.65773 , "2603.3+/-192" , "3294.1+/-222" , "3045.2+/-147.99" , "2477.5+/-275.94" , 1.81 , 0 , 0 , 3 , "0.988+/-0.045"
208 , "PLCKERC044 G174.46+69.82" ,, 172.75 , 38.24083 , 174.46082 , 69.82403 , "1019.8+/-139" , "1061+/-166.7" , "-583.2+/-125.94" , "-4891+/-2.19e+4" , 1.714 , 0 , 1 , 6 , "0.913+/-0.048"
209 , "PLCKERC044 G294.99-01.73" ,, 174.83917 , -63.49417 , 294.99265 , -1.73911 , "4.7e+4+/-1405" , "1.38e+4+/-901.9" , "3.7e+4+/-506.14" , "6.3e+4+/-837.59" , 1.81 , 0 , 0 , 4 , "0.983+/-0.046"
210 , "PLCKERC044 G295.12-00.68" ,, 175.7425 , -62.51194 , 295.12378 , -0.68279 , "2.4e+4+/-1607" , "2.06e+4+/-911.7" , "1.8e+4+/-635.63" , "3.8e+4+/-2312.96" , 1.81 , 0 , 1 , 2 , "0.992+/-0.046"
211 , "PLCKERC044 G297.30-07.75" ,, 176.42208 , -69.90306 , 297.30069 , -7.75343 , "1286.5+/-183" , "1408.39+/-236.3" , "1207.8+/-102.97" , "1789.9+/-4246.68" , 1.81 , 0 , 1 , 3 , "0.911+/-0.048"
212 , "PLCKERC044 G164.70+71.44" ,, 176.7825 , 40.05028 , 164.70946 , 71.44728 , "1312.1+/-117" , "1198.07+/-161.3" , "1328.9+/-88.25" , "1340.3+/-217.17" , 1.714 , 1 , 0 , 6 , "0.932+/-0.046"
213 , "PLCKERC044 G296.96-05.77" ,, 176.90458 , -67.90361 , 296.96665 , -5.77406 , "2072.9+/-156" , "1818.67+/-238.8" , "1949.6+/-108.18" , "2185.4+/-279.24" , 1.81 , 0 , 0 , 4 , "0.959+/-0.045"
214 , "PLCKERC044 G145.62+64.93" ,, 178.27083 , 49.54056 , 145.62744 , 64.9371 , "1733.9+/-111" , "1431.94+/-170.2" , "1845.6+/-86" , "2504+/-262.27" , 1.714 , 0 , 0 , 8 , "0.962+/-0.045"
215 , "PLCKERC044 G199.37+78.36" ,, 179.87708 , 29.25389 , 199.37482 , 78.3687 , "1877+/-126" , "1601.85+/-165.1" , "2038.7+/-102.09" , "2107.4+/-250.24" , 1.714 , 0 , 0 , 5 , "0.96+/-0.045"
216 , "PLCKERC044 G296.84+09.71" ,, 182.925 , -52.68944 , 296.84189 , 9.71169 , "2127.1+/-215" , "1318.4+/-249.1" , "1748+/-159.24" , "2215+/-443.24" , 1.81 , 0 , 0 , 4 , "0.827+/-0.069"
217 , "PLCKERC044 G298.83-00.43" ,, 183.8025 , -63.01333 , 298.83558 , -0.43014 , "7.7e+4+/-3209" , "3.31e+4+/-1362.1" , "6.0e+4+/-1513.83" , "1.4e+5+/-3510.88" , 1.81 , 0 , 1 , 3 , "0.995+/-0.045"
218 , "PLCKERC044 G291.13+44.58" ,, 184.07542 , -17.48278 , 291.13172 , 44.58227 , "1962.7+/-216" , "1490.01+/-235.4" , "1638.8+/-163.33" , "2673.4+/-553.62" , 1.81 , 0 , 0 , 2 , "0.884+/-0.05"
219 , "PLCKERC044 G281.79+67.33" ,, 184.83042 , 5.79472 , 281.79066 , 67.3389 , "2044.5+/-190" , "1484.77+/-233.2" , "1731.3+/-144.72" , "2298.8+/-430.23" , 1.81 , 0 , 0 , 3 , "0.889+/-0.049"
220 , "PLCKERC044 G289.93+64.36" ,, 187.2725 , 2.05972 , 289.93572 , 64.36619 , "2.4e+4+/-234" , "2.48e+4+/-233.6" , "2.5e+4+/-170.64" , "2.4e+4+/-381.23" , 1.81 , 0 , 0 , 3 , "1+/-0.045"
221 , "PLCKERC044 G300.45-00.25" ,, 187.39042 , -63.02444 , 300.45424 , -0.25811 , "1.4e+4+/-694" , "3186.27+/-498.2" , "8754.4+/-321.57" , "5.8e+4+/-3620.12" , 1.81 , 2 , 1 , 4 , "0.817+/-0.04"
222 , "PLCKERC044 G283.70+74.49" ,, 187.68792 , 12.39722 , 283.70848 , 74.49198 , "1.3e+4+/-201" , "1.25e+4+/-241.7" , "1.3e+4+/-148.46" , "1.2e+4+/-324.73" , 1.81 , 0 , 0 , 3 , "0.999+/-0.045"
223 , "PLCKERC044 G301.02+01.05" ,, 188.83708 , -61.75667 , 301.02947 , 1.05555 , "9740.3+/-866" , "5820.86+/-519" , "6663.5+/-249.67" , "664.6+/-1753.56" , 1.81 , 0 , 0 , 3 , "0.817+/-0.072"
224 , "PLCKERC044 G300.67+55.33" ,, 191.56458 , -7.51861 , 300.67536 , 55.33036 , "1317.6+/-305" , "1405.25+/-237.4" , "1254.7+/-162.04" , "1473.6+/-366.94" , 1.81 , 0 , 0 , 3 , "0.836+/-0.066"
225 , "PLCKERC044 G305.11+57.05" ,, 194.05208 , -5.79833 , 305.11424 , 57.05309 , "1.5e+4+/-207" , "1.49e+4+/-281.7" , "1.5e+4+/-156.42" , "1.4e+4+/-351.87" , 1.81 , 0 , 0 , 2 , "0.999+/-0.045"
226 , "PLCKERC044 G085.73+83.33" ,, 197.62 , 32.35278 , 85.7389 , 83.33997 , "2955.6+/-164" , "3033.15+/-233" , "3267.5+/-124.07" , "3403.1+/-289.13" , 1.81 , 0 , 0 , 4 , "0.989+/-0.045"
227 , "PLCKERC044 G305.26+00.14" ,, 197.94875 , -62.63111 , 305.2692 , 0.14813 , "1.8e+5+/-2836" , "8.67e+4+/-2126" , "1.4e+5+/-1773.62" , "2.3e+5+/-2485.49" , 1.81 , 0 , 0 , 4 , "1+/-0.046"
228 , "PLCKERC044 G308.73+18.01" ,, 200.61333 , -44.51111 , 308.73849 , 18.01059 , "3507+/-242" , "1593.6+/-286.2" , "2930.3+/-180.81" , "6933+/-824.55" , 1.81 , 0 , 1 , 2 , "0.844+/-0.063"
229 , "PLCKERC044 G309.52+19.42" ,, 201.375 , -43.00722 , 309.52547 , 19.42791 , "3.7e+4+/-369" , "3.49e+4+/-290.6" , "3.7e+4+/-221.89" , "3.7e+4+/-478.22" , 1.81 , 0 , 0 , 4 , "1+/-0.046"
230 , "PLCKERC044 G321.40+56.25" ,, 203.03917 , -5.15361 , 321.40426 , 56.25067 , "1663.2+/-315" , "1404.21+/-246.6" , "-8168.7+/-2.22e+4" , "1092+/-289.75" , 1.81 , 0 , 0 , 3 , "0.821+/-0.071"
231 , "PLCKERC044 G320.03+48.38" ,, 204.41708 , -12.94556 , 320.03056 , 48.38524 , "4476.3+/-235" , "4527.89+/-265.9" , "4616.4+/-175.84" , "4383.6+/-391.49" , 1.81 , 0 , 0 , 4 , "0.991+/-0.046"
232 , "PLCKERC044 G308.68+00.60" ,, 205.07667 , -61.72389 , 308.68578 , 0.60061 , "2.1e+4+/-1609" , "1.16e+4+/-940.1" , "1.6e+4+/-366.94" , "2.9e+4+/-9175.5" , 1.81 , 0 , 1 , 2 , "0.865+/-0.056"
233 , "PLCKERC044 G309.71+01.71" ,, 206.70792 , -60.42639 , 309.71921 , 1.71322 , "7181.5+/-505" , "7450.76+/-981" , "6330.3+/-167.89" , "-5740+/-285.39" , 1.81 , 0 , 0 , 3 , "0.98+/-0.045"
234 , "PLCKERC044 G009.15+73.07" ,, 209.25875 , 19.37806 , 9.15279 , 73.07949 , "1359+/-215" , "1364.44+/-227.1" , "1351.4+/-146.24" , "1249.1+/-306.46" , 1.81 , 0 , 0 , 4 , "0.888+/-0.049"
235 , "PLCKERC044 G311.95+00.10" ,, 211.98875 , -61.41667 , 311.95235 , 0.10761 , "3.7e+4+/-2593" , "1.59e+4+/-930.5" , "3.4e+4+/-1363.58" , "5.9e+4+/-3.54e+4" , 1.81 , 0 , 1 , 3 , "0.786+/-0.083"
236 , "PLCKERC044 G313.37+00.07" ,, 214.81958 , -61.00528 , 313.37575 , 0.07245 , "1.6e+4+/-1656" , "1.72e+4+/-919.1" , "2.1e+4+/-962.09" , "-" , 1.81 , 0 , 0 , 4 , "0.961+/-0.045"
237 , "PLCKERC044 G098.28+58.29" ,, 214.97125 , 54.39278 , 98.28361 , 58.29754 , "963.6+/-150" , "987.55+/-143.9" , "-" , "966.3+/-579.64" , 1.714 , 0 , 0 , 4 , "0.894+/-0.049"
238 , "PLCKERC044 G318.18+10.94" ,, 216.11708 , -49.14972 , 318.18379 , 10.94727 , "1557.1+/-153" , "1311.08+/-214.1" , "1589.3+/-114.06" , "1577.5+/-267.83" , 1.81 , 0 , 0 , 3 , "0.899+/-0.049"
239 , "PLCKERC044 G325.15+25.59" ,, 216.88667 , -33.09611 , 325.15577 , 25.5945 , "1838.3+/-222" , "1433.5+/-240" , "1734.8+/-153.13" , "3655.1+/-700.43" , 1.81 , 1 , 1 , 3 , "0.86+/-0.057"
240 , "PLCKERC044 G321.42+17.26" ,, 216.96417 , -42.12083 , 321.42676 , 17.26187 , "2365+/-194" , "2173.95+/-235.3" , "2199.4+/-137.65" , "2783.8+/-391.39" , 1.81 , 0 , 0 , 2 , "0.96+/-0.045"
241 , "PLCKERC044 G105.16+49.68" ,, 219.25375 , 63.63917 , 105.16695 , 49.6893 , "781.9+/-116" , "772.42+/-108" , "-" , "625.5+/-113.43" , 1.714 , 1 , 0 , 8 , "0.888+/-0.049"
242 , "PLCKERC044 G090.53+57.50" ,, 220.75667 , 52.02722 , 90.53139 , 57.5024 , "1175.6+/-107" , "852.99+/-149.2" , "1234.3+/-78.4" , "1444.8+/-215.7" , 1.714 , 0 , 0 , 6 , "0.888+/-0.049"
243 , "PLCKERC044 G316.75-00.06" ,, 221.26792 , -59.84861 , 316.75749 , -0.06268 , "7.2e+4+/-2805" , "2.74e+4+/-1184.7" , "5.3e+4+/-1436.22" , "1.5e+5+/-3869.86" , 1.81 , 0 , 1 , 5 , "0.994+/-0.047"
244 , "PLCKERC044 G318.08-00.62" ,, 224.12833 , -59.77 , 318.08177 , -0.62926 , "2.2e+4+/-2025" , "1.12e+4+/-1135.3" , "1.7e+4+/-777.33" , "2.0e+4+/-2.77e+4" , 1.81 , 0 , 1 , 5 , "0.862+/-0.057"
245 , "PLCKERC044 G329.91+20.57" ,, 224.35458 , -35.60833 , 329.91273 , 20.57829 , "1593.3+/-171" , "1234.7+/-219.7" , "1448.2+/-123.01" , "1507+/-303.23" , 1.81 , 1 , 0 , 3 , "0.888+/-0.049"
246 , "PLCKERC044 G319.20-00.31" ,, 225.78083 , -58.96389 , 319.20505 , -0.31718 , "2.1e+4+/-1253" , "1.36e+4+/-1135.3" , "1.7e+4+/-738.55" , "1.3e+5+/-8724.49" , 1.81 , 0 , 1 , 4 , "0.892+/-0.049"
247 , "PLCKERC044 G071.25+58.49" ,, 226.71708 , 42.62361 , 71.25784 , 58.49582 , "1003.5+/-180" , "804.32+/-152.7" , "744+/-99.76" , "1032.5+/-295.18" , 1.714 , 0 , 0 , 4 , "0.799+/-0.079"
248 , "PLCKERC044 G320.77+00.20" ,, 227.89083 , -57.73194 , 320.77806 , 0.2007 , "1.6e+4+/-2447" , "8612.53+/-1135.3" , "1.7e+4+/-565.43" , "7.3e+4+/-2.84e+4" , 1.81 , 0 , 1 , 3 , "0.781+/-0.085"
249 , "PLCKERC044 G351.26+40.11" ,, 228.20917 , -9.12861 , 351.26282 , 40.11817 , "2124+/-204" , "2644.82+/-268.1" , "2425.6+/-147.26" , "2096.6+/-297.05" , 1.81 , 0 , 0 , 2 , "0.967+/-0.045"
250 , "PLCKERC044 G326.32+08.46" ,, 228.63792 , -47.80222 , 326.32456 , 8.4633 , "1367.5+/-207" , "1243.07+/-203.3" , "-" , "16.9+/-442.4" , 1.81 , 1 , 0 , 4 , "0.889+/-0.049"
251 , "PLCKERC044 G321.03-00.47" ,, 228.95875 , -58.17778 , 321.03206 , -0.47391 , "2.7e+4+/-2018" , "1.63e+4+/-1171.9" , "1.6e+4+/-638.04" , "1.2e+4+/-4462.06" , 1.81 , 0 , 1 , 5 , "0.97+/-0.045"
252 , "PLCKERC044 G001.39+45.95" ,, 229.19542 , 0.24139 , 1.39891 , 45.95938 , "2286+/-204" , "1203.33+/-255.7" , "1699.3+/-152.97" , "2553.8+/-535.75" , 1.81 , 1 , 0 , 4 , "0.783+/-0.084"
253 , "PLCKERC044 G340.66+27.55" ,, 229.42458 , -24.39667 , 340.66442 , 27.55779 , "1828.7+/-169" , "2030.14+/-206.9" , "2068.9+/-129.13" , "1890.1+/-275.83" , 1.81 , 0 , 0 , 3 , "0.96+/-0.045"
254 , "PLCKERC044 G322.14+00.61" ,, 229.64875 , -56.66306 , 322.1482 , 0.61526 , "1.7e+4+/-637" , "1.48e+4+/-1005.2" , "1.6e+4+/-240.09" , "1.8e+4+/-543.3" , 1.81 , 0 , 0 , 5 , "0.987+/-0.045"
255 , "PLCKERC044 G324.16+00.18" ,, 233.09417 , -55.90278 , 324.16153 , 0.18824 , "9031.6+/-1079" , "5805.38+/-953.3" , "9764.5+/-433.42" , "2.3e+4+/-6.94e+4" , 1.81 , 0 , 1 , 5 , "0.805+/-0.076"
256 , "PLCKERC044 G326.66+00.54" ,, 236.24958 , -54.13083 , 326.6686 , 0.54089 , "5.6e+4+/-3855" , "3.74e+4+/-1715.1" , "4.5e+4+/-1473.09" , "1.5e+5+/-6996.91" , 1.81 , 0 , 1 , 5 , "0.964+/-0.045"
257 , "PLCKERC044 G010.82+40.85" ,, 237.39917 , 2.57694 , 10.82202 , 40.85985 , "2217.5+/-161" , "1877.88+/-216.4" , "2146.7+/-123.28" , "2203.6+/-300.96" , 1.81 , 0 , 0 , 2 , "0.959+/-0.045"
258 , "PLCKERC044 G014.21+42.20" ,, 237.66958 , 5.44028 , 14.2186 , 42.20497 , "2334.2+/-185" , "2350.31+/-214.3" , "2668.2+/-128.62" , "2809.8+/-320.58" , 1.81 , 0 , 0 , 2 , "0.973+/-0.045"
259 , "PLCKERC044 G326.21-01.75" ,, 238.13 , -56.20722 , 326.21815 , -1.75269 , "2.6e+4+/-853" , "1.36e+4+/-981.2" , "2.2e+4+/-263.06" , "2.5e+4+/-570.76" , 1.81 , 0 , 0 , 6 , "0.972+/-0.045"
260 , "PLCKERC044 G327.28-00.54" ,, 238.24542 , -54.59528 , 327.28952 , -0.54658 , "5.5e+4+/-3842" , "4.56e+4+/-1752.4" , "3.2e+4+/-1542.24" , "3.9e+4+/-2.00e+4" , 1.81 , 0 , 1 , 7 , "0.819+/-0.04"
261 , "PLCKERC044 G023.68+45.30" ,, 238.27458 , 12.91917 , 23.68645 , 45.30575 , "1565.9+/-226" , "1151.55+/-221.6" , "1188+/-137.1" , "1648.9+/-413.4" , 1.81 , 1 , 0 , 3 , "0.793+/-0.081"
262 , "PLCKERC044 G335.12+05.74" ,, 241.11958 , -44.72972 , 335.12541 , 5.74086 , "1735.9+/-189" , "1659.52+/-216.5" , "1865.6+/-125.94" , "1827.4+/-295.93" , 1.81 , 0 , 0 , 4 , "0.915+/-0.047"
263 , "PLCKERC044 G088.26+44.71" ,, 241.19083 , 57.2425 , 88.2638 , 44.71787 , "1022.9+/-67" , "768.96+/-151.7" , "839.8+/-41.79" , "1160.4+/-125.63" , 1.714 , 1 , 0 , 10 , "0.923+/-0.047"
264 , "PLCKERC044 G023.04+40.70" ,, 242.27208 , 10.46167 , 23.04755 , 40.70772 , "1885.3+/-164" , "1350.84+/-209.8" , "1624.9+/-129.9" , "2001.6+/-368.64" , 1.81 , 1 , 0 , 2 , "0.905+/-0.048"
265 , "PLCKERC044 G333.03+01.92" ,, 242.61583 , -48.95361 , 333.0328 , 1.92945 , "1.5e+4+/-699" , "5435.68+/-847.2" , "1.3e+4+/-246.29" , "2.2e+4+/-667.37" , 1.81 , 0 , 0 , 6 , "0.831+/-0.041"
266 , "PLCKERC044 G331.47-00.07" ,, 242.9675 , -51.48444 , 331.47316 , -0.07659 , "9.2e+4+/-3478" , "4.22e+4+/-1772.5" , "7.7e+4+/-2360.23" , "2.6e+5+/-7665.4" , 1.81 , 0 , 1 , 6 , "0.971+/-0.045"
267 , "PLCKERC044 G055.15+46.36" ,, 243.435 , 34.21833 , 55.15994 , 46.36762 , "1550+/-188" , "1403.16+/-229.3" , "1543.8+/-124.94" , "3433.9+/-669.25" , 1.81 , 0 , 1 , 3 , "0.892+/-0.049"
268 , "PLCKERC044 G326.96-05.90" ,, 244.31417 , -58.80861 , 326.96211 , -5.90354 , "2067.7+/-155" , "1999.38+/-187.9" , "2053.9+/-118.63" , "2002.1+/-266.34" , 1.81 , 0 , 0 , 5 , "0.962+/-0.045"
269 , "PLCKERC044 G313.38-18.85" ,, 244.34417 , -77.32306 , 313.38607 , -18.85941 , "1479.1+/-133" , "1514.15+/-180.9" , "1653+/-100.95" , "1584.1+/-220" , 1.714 , 0 , 0 , 6 , "0.957+/-0.045"
270 , "PLCKERC044 G332.57-00.71" ,, 244.94 , -51.18139 , 332.57204 , -0.71151 , "6.2e+4+/-9685" , "3.01e+4+/-1679.4" , "1.4e+5+/-2734.18" , "6.9e+5+/-1.16e+6" , 1.81 , 0 , 1 , 6 , "0.901+/-0.048"
271 , "PLCKERC044 G351.24+17.23" ,, 245.05292 , -25.48194 , 351.24271 , 17.23593 , "4395.3+/-285" , "1764.02+/-283.9" , "3921.2+/-173.68" , "1.2e+4+/-950.59" , 1.81 , 0 , 1 , 4 , "0.776+/-0.039"
272 , "PLCKERC044 G333.62-00.19" ,, 245.5525 , -50.07167 , 333.62991 , -0.19868 , "2.0e+5+/-9111" , "8.90e+4+/-3546.7" , "1.6e+5+/-4614.36" , "4.4e+5+/-9860.94" , 1.81 , 0 , 1 , 7 , "0.993+/-0.047"
273 , "PLCKERC044 G353.03+17.00" ,, 246.51 , -24.365 , 353.03642 , 17.00168 , "1.0e+4+/-253" , "5364.24+/-353.5" , "8623.5+/-180.23" , "1.6e+4+/-617.16" , 1.81 , 0 , 0 , 5 , "0.99+/-0.045"
274 , "PLCKERC044 G348.80+13.31" ,, 246.51208 , -29.86722 , 348.80195 , 13.31701 , "1612+/-226" , "1630.22+/-254.8" , "1573.6+/-134.66" , "4652.9+/-895.32" , 1.81 , 1 , 1 , 6 , "0.902+/-0.048"
275 , "PLCKERC044 G115.75+31.15" ,, 248.40708 , 82.54861 , 115.75325 , 31.15976 , "1354.4+/-130" , "836.87+/-156.6" , "1432.7+/-87.08" , "-4205.8+/-7370.57" , 1.714 , 0 , 1 , 7 , "0.884+/-0.05"
276 , "PLCKERC044 G014.94+29.84" ,, 248.4525 , -0.65472 , 14.94697 , 29.84498 , "1323.7+/-224" , "1005.22+/-198.6" , "1235.4+/-138.65" , "-2345.7+/-615.11" , 1.81 , 2 , 1 , 5 , "0.799+/-0.079"
277 , "PLCKERC044 G336.82+00.07" ,, 248.61125 , -47.58111 , 336.82078 , 0.0705 , "1.4e+5+/-4922" , "3.00e+4+/-3361.9" , "1.2e+5+/-3067.13" , "3.7e+5+/-6181.87" , 1.81 , 0 , 1 , 6 , "0.977+/-0.046"
278 , "PLCKERC044 G061.10+42.31" ,, 248.84042 , 38.145 , 61.10158 , 42.31669 , "4567.8+/-148" , "3717.74+/-204.2" , "4521.6+/-107.42" , "4804.4+/-265.05" , 1.714 , 0 , 0 , 3 , "0.995+/-0.047"
279 , "PLCKERC044 G073.43+41.92" ,, 249.36958 , 47.28667 , 73.4369 , 41.9249 , "1510.5+/-163" , "1300.62+/-192.1" , "1445.3+/-119.17" , "2322.8+/-402.64" , 1.714 , 0 , 0 , 4 , "0.902+/-0.048"
280 , "PLCKERC044 G086.60+40.35" ,, 249.56958 , 57.31806 , 86.60883 , 40.35837 , "1259+/-116" , "1105.99+/-171.4" , "1249.5+/-83.06" , "1386.3+/-212.2" , 1.714 , 0 , 0 , 6 , "0.927+/-0.047"
281 , "PLCKERC044 G338.36+00.06" ,, 250.1325 , -46.43833 , 338.36421 , 0.06634 , "1.1e+5+/-4655" , "4.80e+4+/-3508.1" , "9.4e+4+/-2935.55" , "3.5e+5+/-7406.2" , 1.81 , 0 , 1 , 4 , "0.979+/-0.045"
282 , "PLCKERC044 G100.69+36.62" ,, 250.53208 , 68.93306 , 100.69284 , 36.62544 , "1503.8+/-85" , "2581.12+/-121.2" , "-756.7+/-118.63" , "-404.7+/-567.93" , 1.714 , 1 , 1 , 18 , "0.995+/-0.047"
283 , "PLCKERC044 G063.45+40.94" ,, 250.74958 , 39.81111 , 63.45661 , 40.94539 , "7194.8+/-145" , "7405.39+/-223.9" , "7416.1+/-111.47" , "7371.1+/-261.63" , 1.714 , 0 , 0 , 3 , "0.997+/-0.045"
284 , "PLCKERC044 G340.20-00.22" ,, 252.16958 , -45.23278 , 340.20399 , -0.2206 , "3.8e+4+/-1540" , "1.19e+4+/-1456.5" , "3.5e+4+/-1006.6" , "1.3e+5+/-4542.9" , 1.81 , 0 , 1 , 5 , "0.818+/-0.04"
285 , "PLCKERC044 G340.81-01.02" ,, 253.59417 , -45.27417 , 340.81058 , -1.02009 , "2.9e+4+/-2661" , "1.55e+4+/-1486.9" , "1.8e+4+/-645.57" , "1.7e+4+/-1204.68" , 1.81 , 0 , 0 , 5 , "0.881+/-0.05"
286 , "PLCKERC044 G026.69+28.73" ,, 254.45708 , 7.72694 , 26.69505 , 28.73733 , "2420.8+/-155" , "1448.15+/-196" , "2143.7+/-116.36" , "2864+/-363.73" , 1.81 , 0 , 0 , 5 , "0.919+/-0.047"
287 , "PLCKERC044 G345.35+01.44" ,, 254.83333 , -40.18861 , 345.35156 , 1.44457 , "7.4e+4+/-2279" , "1.87e+4+/-1627.1" , "6.3e+4+/-1078.34" , "1.4e+5+/-2268.48" , 1.81 , 0 , 1 , 5 , "0.977+/-0.046"
288 , "PLCKERC044 G343.49-00.01" ,, 254.835 , -42.55194 , 343.49506 , -0.01847 , "4.5e+4+/-1628" , "1.49e+4+/-1486.9" , "3.9e+4+/-1061.39" , "1.4e+5+/-3101.43" , 1.81 , 0 , 1 , 6 , "0.915+/-0.045"
289 , "PLCKERC044 G099.54+35.19" ,, 255.06167 , 68.49306 , 99.54975 , 35.19744 , "789.7+/-83" , "765.09+/-116.1" , "770+/-55.35" , "2.2e+4+/-1.01e+4" , 1.714 , 0 , 1 , 15 , "0.914+/-0.047"
290 , "PLCKERC044 G356.69+09.67" ,, 255.27875 , -26.23361 , 356.69061 , 9.67484 , "1613.7+/-172" , "1183.43+/-220.4" , "1547.3+/-120.31" , "1780.9+/-347.5" , 1.81 , 0 , 0 , 4 , "0.87+/-0.054"
291 , "PLCKERC044 G332.77-08.84" ,, 255.54708 , -56.39444 , 332.77903 , -8.84473 , "1277.5+/-160" , "1046.14+/-203" , "1272.1+/-115.54" , "1.5e+4+/-8030.85" , 1.714 , 1 , 1 , 6 , "0.873+/-0.053"
292 , "PLCKERC044 G328.09-12.42" ,, 255.85375 , -62.22667 , 328.0901 , -12.42405 , "2668.4+/-145" , "1899.91+/-185.3" , "2595.1+/-108.94" , "3325.9+/-328.66" , 1.714 , 1 , 0 , 7 , "0.968+/-0.045"
293 , "PLCKERC044 G345.38-00.93" ,, 257.35375 , -41.60778 , 345.38045 , -0.93071 , "3.1e+4+/-2242" , "2.55e+4+/-1661.7" , "2.6e+4+/-598.16" , "-46.2+/-1402.58" , 1.81 , 0 , 0 , 5 , "0.966+/-0.045"
294 , "PLCKERC044 G347.60+00.20" ,, 257.88917 , -39.14194 , 347.6076 , 0.20358 , "3.8e+4+/-1795" , "1.40e+4+/-1627.1" , "3.2e+4+/-1141.49" , "1.5e+5+/-4852.6" , 1.81 , 0 , 1 , 7 , "0.883+/-0.05"
295 , "PLCKERC044 G099.30+33.72" ,, 259.1025 , 68.63944 , 99.30129 , 33.72807 , "585.1+/-100" , "669.98+/-127.8" , "570.4+/-51.71" , "1893.9+/-459.37" , 1.714 , 1 , 1 , 14 , "0.912+/-0.048"
296 , "PLCKERC044 G348.72-01.02" ,, 260.00833 , -38.94528 , 348.72462 , -1.02123 , "7.6e+4+/-2358" , "3.73e+4+/-1697.8" , "6.8e+4+/-688.35" , "9.3e+4+/-1411.44" , 1.81 , 0 , 0 , 4 , "0.987+/-0.045"
297 , "PLCKERC044 G351.28+00.69" ,, 260.07417 , -35.86444 , 351.28205 , 0.69762 , "2.2e+5+/-2817" , "1.32e+5+/-6515.8" , "2.1e+5+/-1643.02" , "2.6e+5+/-2670.62" , 1.81 , 0 , 0 , 5 , "0.995+/-0.046"
298 , "PLCKERC044 G021.18+19.61" ,, 260.13042 , -1.01056 , 21.18011 , 19.61941 , "2905.8+/-169" , "3177.27+/-211.5" , "3218.7+/-119.17" , "3150.1+/-264.34" , 1.81 , 0 , 0 , 5 , "0.99+/-0.046"
299 , "PLCKERC044 G326.97-15.81" ,, 260.88917 , -64.99389 , 326.9757 , -15.8126 , "1224.4+/-148" , "1350.84+/-192.3" , "1275.1+/-104.86" , "1043.1+/-198.51" , 1.714 , 0 , 0 , 6 , "0.926+/-0.047"
300 , "PLCKERC044 G353.14+00.69" ,, 261.365 , -34.32583 , 353.1482 , 0.69755 , "3.6e+5+/-4486" , "1.29e+5+/-6444.2" , "3.1e+5+/-3393.21" , "4.7e+5+/-2629.21" , 1.81 , 0 , 0 , 6 , "1+/-0.045"
301 , "PLCKERC044 G071.42+33.30" ,, 261.8325 , 45.50389 , 71.42082 , 33.30263 , "1187.4+/-143" , "1341.42+/-172.5" , "1202+/-103.33" , "1116.1+/-213.49" , 1.714 , 0 , 0 , 3 , "0.945+/-0.045"
302 , "PLCKERC044 G351.65-01.21" ,, 262.28917 , -36.63083 , 351.65232 , -1.21068 , "4.6e+4+/-1684" , "3.54e+4+/-6305.7" , "4.2e+4+/-373.98" , "4.1e+4+/-939.35" , 1.81 , 0 , 0 , 7 , "0.969+/-0.045"
303 , "PLCKERC044 G002.44+05.84" ,, 262.34125 , -23.75167 , 2.44166 , 5.84635 , "1869.1+/-177" , "1664.75+/-234.2" , "-1064.9+/-259.19" , "1615.3+/-262.51" , 1.81 , 0 , 0 , 4 , "0.909+/-0.048"
304 , "PLCKERC044 G012.05+10.81" ,, 263.27375 , -13.0625 , 12.05438 , 10.81012 , "3510.4+/-168" , "3575.8+/-225.4" , "3757.7+/-127.51" , "3649.9+/-289.41" , 1.81 , 0 , 0 , 4 , "0.994+/-0.047"
305 , "PLCKERC044 G355.27+00.09" ,, 263.37583 , -32.88972 , 355.2704 , 0.09459 , "3.3e+4+/-1566" , "1.02e+4+/-729.7" , "2.8e+4+/-975.31" , "1.6e+5+/-4737.98" , 1.81 , 0 , 1 , 6 , "0.831+/-0.041"
306 , "PLCKERC044 G064.00+31.03" ,, 263.55083 , 38.95583 , 64.00906 , 31.03251 , "1311.1+/-144" , "1134.25+/-178.3" , "1284.8+/-100.66" , "6405.9+/-1278.94" , 1.714 , 1 , 1 , 5 , "0.914+/-0.047"
307 , "PLCKERC044 G079.55+31.65" ,, 265.30083 , 52.18389 , 79.55867 , 31.6575 , "1508.3+/-125" , "1269.22+/-186.9" , "1397.6+/-90.59" , "2613.5+/-339.97" , 1.714 , 0 , 0 , 4 , "0.945+/-0.045"
308 , "PLCKERC044 G021.57+13.13" ,, 265.97958 , -3.84222 , 21.57657 , 13.13708 , "2164+/-174" , "2810.41+/-226.9" , "2621.6+/-126.02" , "2334.1+/-253.08" , 1.81 , 0 , 0 , 4 , "0.986+/-0.045"
309 , "PLCKERC044 G000.05-00.02" ,, 266.45583 , -28.90139 , 0.05287 , -0.02021 , "3.4e+5+/-8486" , "1.39e+5+/-5139.5" , "2.7e+5+/-5907.5" , "6.3e+5+/-9449.02" , 1.81 , 0 , 1 , 7 , "0.995+/-0.045"
310 , "PLCKERC044 G001.24-00.06" ,, 267.20125 , -27.90722 , 1.2429 , -0.06608 , "8.1e+4+/-1e+4" , "2.33e+4+/-920.3" , "1.7e+5+/-3285.71" , "-" , 1.81 , 0 , 0 , 5 , "0.952+/-0.046"
311 , "PLCKERC044 G034.92+17.63" ,, 267.90125 , 9.64944 , 34.92547 , 17.63172 , "4596.2+/-179" , "4622.88+/-212.1" , "4890.2+/-128.6" , "4473.2+/-276.53" , 1.81 , 0 , 0 , 5 , "0.994+/-0.047"
312 , "PLCKERC044 G042.65+20.62" ,, 268.19417 , 17.52972 , 42.65014 , 20.62162 , "1097.3+/-205" , "895.66+/-169.8" , "806.2+/-116.61" , "867.4+/-289.21" , 1.714 , 0 , 0 , 4 , "0.795+/-0.08"
313 , "PLCKERC044 G096.48+30.04" ,, 269.40042 , 66.64389 , 96.48168 , 30.04898 , "733.9+/-93" , "878.94+/-134.4" , "351.9+/-206.34" , "794.1+/-1395.7" , 1.714 , 0 , 1 , 33 , "0.946+/-0.045"
314 , "PLCKERC044 G110.05+29.07" ,, 270.11167 , 78.47806 , 110.05148 , 29.07937 , "2060.7+/-108" , "2360.57+/-145.1" , "2385.6+/-79.93" , "2304+/-174.36" , 1.714 , 0 , 0 , 8 , "0.994+/-0.047"
315 , "PLCKERC044 G006.85-00.07" ,, 270.34917 , -23.07222 , 6.85019 , -0.07652 , "5.1e+4+/-2984" , "1.58e+4+/-1623.9" , "3.3e+4+/-1817.09" , "4.6e+5+/-1.52e+4" , 1.81 , 0 , 1 , 6 , "0.874+/-0.043"
316 , "PLCKERC044 G070.96+27.03" ,, 270.45125 , 44.07889 , 70.96166 , 27.03808 , "1090.1+/-131" , "1064.14+/-165.2" , "1160.8+/-86.78" , "1713+/-278.78" , 1.714 , 0 , 0 , 5 , "0.897+/-0.049"
317 , "PLCKERC044 G352.45-08.41" ,, 270.67208 , -39.65861 , 352.45816 , -8.4168 , "2699.4+/-168" , "2894.48+/-220.2" , "2944.8+/-122.81" , "2904.7+/-291.21" , 1.714 , 0 , 0 , 4 , "0.989+/-0.045"
318 , "PLCKERC044 G328.85-19.63" ,, 270.90583 , -65.11472 , 328.85099 , -19.63824 , "1100.7+/-205" , "946.43+/-188.3" , "936.1+/-107.5" , "1427.2+/-346.68" , 1.714 , 0 , 0 , 6 , "0.823+/-0.07"
319 , "PLCKERC044 G006.01-01.23" ,, 271.00042 , -24.37 , 6.01495 , -1.23511 , "1.3e+5+/-3740" , "6.38e+4+/-1703.3" , "1.0e+5+/-1542.24" , "1.4e+5+/-3574.06" , 1.81 , 0 , 0 , 6 , "0.995+/-0.047"
320 , "PLCKERC044 G008.48-00.34" ,, 271.46833 , -21.78222 , 8.48217 , -0.34279 , "3.7e+4+/-1936" , "7968.69+/-1559" , "3.1e+4+/-848.52" , "5.3e+4+/-1.11e+4" , 1.81 , 2 , 1 , 6 , "0.838+/-0.041"
321 , "PLCKERC044 G015.14+03.35" ,, 271.49333 , -14.16139 , 15.14999 , 3.35402 , "4677.9+/-303" , "2944.44+/-294.5" , "4192.5+/-144.17" , "6653.1+/-480.53" , 1.81 , 0 , 0 , 6 , "0.823+/-0.07"
322 , "PLCKERC044 G100.11+29.13" ,, 271.79792 , 69.81028 , 100.11511 , 29.13683 , "886.1+/-87" , "1424.86+/-139.8" , "-518.8+/-88.16" , "1948.7+/-224.9" , 1.714 , 1 , 0 , 13 , "0.987+/-0.045"
323 , "PLCKERC044 G010.17-00.33" ,, 272.34292 , -20.30444 , 10.17036 , -0.33739 , "8.5e+4+/-2283" , "4.04e+4+/-1749.1" , "7.2e+4+/-1130.71" , "1.2e+5+/-2604.15" , 1.81 , 0 , 0 , 4 , "0.99+/-0.045"
324 , "PLCKERC044 G347.39-12.44" ,, 272.42083 , -45.92972 , 347.39742 , -12.44292 , "1691.9+/-184" , "1393.74+/-230.8" , "1518.1+/-124.06" , "811+/-781.51" , 1.81 , 0 , 1 , 6 , "0.9+/-0.049"
325 , "PLCKERC044 G012.80-00.16" ,, 273.525 , -17.90917 , 12.80758 , -0.16399 , "8.4e+4+/-2334" , "5.74e+4+/-1749.1" , "7.4e+4+/-1539.64" , "1.6e+5+/-4121.69" , 1.81 , 0 , 1 , 6 , "0.993+/-0.046"
326 , "PLCKERC044 G018.63+01.92" ,, 274.49583 , -11.78972 , 18.63717 , 1.92276 , "8.7e+4+/-2237" , "1.36e+4+/-1871.9" , "6.6e+4+/-1379.87" , "1.7e+5+/-1581.44" , 1.81 , 0 , 1 , 5 , "0.979+/-0.046"
327 , "PLCKERC044 G017.00+00.84" ,, 274.68167 , -13.73861 , 17.00551 , 0.84083 , "1.1e+5+/-1859" , "4.42e+4+/-1953.3" , "9.6e+4+/-844.42" , "1.3e+5+/-1033.29" , 1.81 , 0 , 0 , 6 , "0.991+/-0.046"
328 , "PLCKERC044 G330.89-20.78" ,, 274.97833 , -63.73722 , 330.89037 , -20.78847 , "1449+/-160" , "1116.46+/-188.3" , "1425.8+/-105.22" , "1688.7+/-282.54" , 1.714 , 1 , 0 , 6 , "0.89+/-0.049"
329 , "PLCKERC044 G015.05-00.70" ,, 275.13292 , -16.18889 , 15.05161 , -0.70057 , "4.8e+5+/-4162" , "3.93e+5+/-1974.8" , "4.8e+5+/-1565.13" , "4.9e+5+/-3367.94" , 1.81 , 0 , 0 , 5 , "1+/-0.046"
330 , "PLCKERC044 G085.72+26.08" ,, 276.01625 , 56.84083 , 85.72699 , 26.08677 , "1200.2+/-129" , "1750.23+/-185" , "1434.2+/-84.37" , "1426.4+/-189.28" , 1.714 , 1 , 0 , 6 , "0.982+/-0.045"
331 , "PLCKERC044 G018.95-00.36" ,, 276.715 , -12.58111 , 18.95685 , -0.36407 , "6.1e+4+/-2427" , "2.24e+4+/-1871.9" , "5.1e+4+/-1355.55" , "1.8e+5+/-6159.85" , 1.81 , 0 , 1 , 6 , "0.931+/-0.046"
332 , "PLCKERC044 G020.71-00.10" ,, 277.31292 , -10.9 , 20.7175 , -0.10077 , "2.6e+4+/-1532" , "1.20e+4+/-1297.6" , "2.3e+4+/-966.92" , "1.5e+5+/-7130.78" , 1.81 , 0 , 1 , 6 , "0.81+/-0.075"
333 , "PLCKERC044 G077.22+23.47" ,, 277.4275 , 48.73667 , 77.22372 , 23.47324 , "2622.9+/-98" , "2646.64+/-168.8" , "2645+/-75.46" , "2726.6+/-180.95" , 1.714 , 0 , 0 , 6 , "0.995+/-0.047"
334 , "PLCKERC044 G028.79+03.48" ,, 277.86875 , -2.07861 , 28.79978 , 3.48757 , "3.6e+4+/-304" , "3.04e+4+/-1365.5" , "3.5e+4+/-163.58" , "3.7e+4+/-381.98" , 1.81 , 0 , 0 , 6 , "1+/-0.046"
335 , "PLCKERC044 G012.18-05.70" ,, 278.42083 , -21.03833 , 12.18796 , -5.70519 , "3828.5+/-196" , "3400.01+/-294.1" , "3873.5+/-133.13" , "4025.2+/-324.02" , 1.81 , 0 , 0 , 6 , "0.987+/-0.045"
336 , "PLCKERC044 G023.43-00.20" ,, 278.67667 , -8.53917 , 23.43218 , -0.20153 , "6.4e+4+/-3360" , "1.19e+4+/-1258.6" , "5.2e+4+/-2212.21" , "3.4e+5+/-8034.9" , 1.81 , 0 , 1 , 6 , "0.877+/-0.043"
337 , "PLCKERC044 G323.73-24.40" ,, 279.24917 , -71.09278 , 323.73331 , -24.40743 , "1535.6+/-142" , "1078.79+/-187.9" , "1386.8+/-99.36" , "1924.9+/-376.12" , 1.714 , 1 , 0 , 7 , "0.899+/-0.049"
338 , "PLCKERC044 G025.40-00.19" ,, 279.5825 , -6.78639 , 25.4014 , -0.19298 , "4.8e+4+/-4170" , "2.26e+4+/-1311.1" , "4.4e+4+/-2215.43" , "9.1e+5+/-1.45e+5" , 1.81 , 0 , 1 , 5 , "0.836+/-0.066"
339 , "PLCKERC044 G111.50+27.13" ,, 280.1875 , 79.83778 , 111.50911 , 27.13893 , "863+/-136" , "1024.27+/-151.2" , "829.5+/-79.53" , "651+/-138.45" , 1.714 , 1 , 0 , 8 , "0.939+/-0.046"
340 , "PLCKERC044 G098.56+25.85" ,, 280.64667 , 68.1875 , 98.56407 , 25.85568 , "934.8+/-73" , "718.22+/-128.5" , "901.7+/-51.91" , "1134+/-149.4" , 1.714 , 1 , 0 , 13 , "0.894+/-0.049"
341 , "PLCKERC044 G028.67+00.11" ,, 280.81625 , -3.73639 , 28.67544 , 0.11138 , "5.5e+4+/-2236" , "8216.8+/-1242.6" , "4.3e+4+/-1495.38" , "2.3e+5+/-4670.88" , 1.81 , 0 , 1 , 5 , "0.851+/-0.042"
342 , "PLCKERC044 G030.74-00.05" ,, 281.91125 , -1.96583 , 30.74985 , -0.05298 , "1.8e+5+/-4272" , "1.21e+5+/-1365.5" , "1.5e+5+/-2930.63" , "3.5e+5+/-5852.51" , 1.81 , 0 , 1 , 4 , "0.992+/-0.046"
343 , "PLCKERC044 G097.46+25.04" ,, 282.30792 , 67.07361 , 97.46778 , 25.04309 , "2264.4+/-93" , "2471.94+/-133.2" , "2457.8+/-55.63" , "2253.1+/-122.22" , 1.714 , 0 , 0 , 13 , "0.994+/-0.047"
344 , "PLCKERC044 G034.27+00.12" ,, 283.36167 , 1.25 , 34.27354 , 0.12318 , "3.5e+4+/-2477" , "1.82e+4+/-1132.2" , "2.9e+4+/-1364.61" , "3.4e+5+/-2.74e+4" , 1.81 , 0 , 1 , 4 , "0.928+/-0.047"
345 , "PLCKERC044 G040.52+02.57" ,, 284.02667 , 7.93556 , 40.52914 , 2.5791 , "9716.2+/-196" , "9649.73+/-708.4" , "9649.1+/-121.76" , "1.1e+4+/-303.11" , 1.81 , 0 , 0 , 4 , "0.995+/-0.047"
346 , "PLCKERC044 G035.58-00.03" ,, 284.10667 , 2.3475 , 35.58996 , -0.03914 , "2.5e+4+/-1810" , "1.17e+4+/-1132.2" , "1.8e+4+/-830.45" , "1.5e+5+/-1.07e+4" , 1.81 , 0 , 1 , 4 , "0.82+/-0.071"
347 , "PLCKERC044 G037.71-00.07" ,, 285.10708 , 4.21806 , 37.71002 , -0.0728 , "5.2e+4+/-1568" , "1.84e+4+/-785" , "3.9e+4+/-1122.05" , "1.8e+5+/-4428.58" , 1.81 , 0 , 1 , 5 , "0.954+/-0.045"
348 , "PLCKERC044 G035.18-01.73" ,, 285.43125 , 1.21583 , 35.18787 , -1.73375 , "2.1e+4+/-1002" , "1.35e+4+/-1132.2" , "1.8e+4+/-289.41" , "2.1e+4+/-581.49" , 1.81 , 0 , 0 , 5 , "0.928+/-0.047"
349 , "PLCKERC044 G039.31-00.22" ,, 285.97583 , 5.575 , 39.31291 , -0.2211 , "2.2e+4+/-1090" , "4831.64+/-651.7" , "1.7e+4+/-664.53" , "1.0e+5+/-3751.6" , 1.81 , 0 , 1 , 4 , "0.852+/-0.042"
350 , "PLCKERC044 G041.07-00.22" ,, 286.7925 , 7.13556 , 41.07194 , -0.22539 , "2.3e+4+/-929" , "9208.95+/-678.9" , "1.9e+4+/-510.11" , "6.3e+4+/-1878.16" , 1.81 , 0 , 1 , 5 , "0.911+/-0.048"
351 , "PLCKERC044 G043.16-00.03" ,, 287.59542 , 9.08417 , 43.16739 , -0.03244 , "6.9e+4+/-1136" , "5.47e+4+/-838.8" , "6.5e+4+/-642.08" , "7.2e+4+/-1457.85" , 1.81 , 0 , 0 , 8 , "0.997+/-0.045"
352 , "PLCKERC044 G016.87-13.20" ,, 287.7825 , -20.11222 , 16.87408 , -13.2098 , "2662.1+/-158" , "3288.64+/-227.5" , "3099.7+/-125.56" , "2725.6+/-258.63" , 1.81 , 0 , 0 , 5 , "0.991+/-0.046"
353 , "PLCKERC044 G045.43+00.05" ,, 288.58667 , 11.13361 , 45.43593 , 0.0518 , "2.3e+4+/-773" , "9975.2+/-1099.7" , "2.0e+4+/-394.26" , "4.0e+4+/-5029.56" , 1.81 , 0 , 1 , 6 , "0.959+/-0.045"
354 , "PLCKERC044 G046.50-00.20" ,, 289.3325 , 11.96167 , 46.50898 , -0.20922 , "1.2e+4+/-943" , "5475.56+/-1088.2" , "8871.5+/-419.33" , "8.9e+4+/-6699.08" , 1.81 , 0 , 1 , 6 , "0.814+/-0.073"
355 , "PLCKERC044 G049.40-00.35" ,, 290.86583 , 14.45167 , 49.40808 , -0.3576 , "2.0e+5+/-5009" , "1.32e+5+/-2105" , "1.7e+5+/-2996.4" , "3.0e+5+/-4012.12" , 1.81 , 0 , 0 , 6 , "1+/-0.047"
356 , "PLCKERC044 G017.18-16.23" ,, 290.8675 , -21.06389 , 17.18346 , -16.23576 , "2463.1+/-169" , "2671.75+/-227.5" , "2759.1+/-127.13" , "2340.6+/-271.4" , 1.81 , 0 , 0 , 5 , "0.984+/-0.045"
357 , "PLCKERC044 G009.33-19.59" ,, 291.19208 , -29.24778 , 9.33119 , -19.59248 , "1.4e+4+/-185" , "1.43e+4+/-199.1" , "1.5e+4+/-131.67" , "1.4e+4+/-298.23" , 1.81 , 0 , 0 , 6 , "1+/-0.045"
358 , "PLCKERC044 G051.11+00.08" ,, 291.30083 , 16.16444 , 51.11547 , 0.0835 , "2.4e+4+/-500" , "8391.75+/-561.6" , "2.0e+4+/-370.9" , "3.6e+4+/-863.63" , 1.81 , 0 , 0 , 5 , "0.941+/-0.046"
359 , "PLCKERC044 G359.05-23.36" ,, 291.77708 , -39.5125 , 359.05406 , -23.36315 , "1438.5+/-174" , "1085.07+/-199.4" , "1393.3+/-119.08" , "3374.1+/-642.95" , 1.81 , 2 , 1 , 5 , "0.845+/-0.063"
360 , "PLCKERC044 G105.63+23.54" ,, 291.96417 , 73.97722 , 105.63764 , 23.54046 , "4939+/-108" , "4456.22+/-152" , "4999.8+/-78.14" , "5307.2+/-187.66" , 1.714 , 0 , 0 , 9 , "0.994+/-0.046"
361 , "PLCKERC044 G052.17-00.56" ,, 292.41958 , 16.78944 , 52.17634 , -0.56153 , "7153.1+/-720" , "4062.07+/-550.1" , "8154.3+/-349.68" , "6.9e+6+/-2.64e+6" , 1.81 , 0 , 1 , 7 , "0.757+/-0.093"
362 , "PLCKERC044 G054.08-00.11" ,, 292.965 , 18.67667 , 54.08101 , -0.11004 , "1.3e+4+/-869" , "4208.43+/-561.6" , "1.1e+4+/-414.33" , "6.4e+4+/-2285.52" , 1.81 , 0 , 1 , 6 , "0.818+/-0.04"
363 , "PLCKERC044 G057.66+00.30" ,, 294.43292 , 22.01444 , 57.66698 , 0.30839 , "4933.2+/-285" , "1705.62+/-234.7" , "4263.1+/-147.26" , "1.4e+4+/-1067.61" , 1.81 , 0 , 1 , 5 , "0.775+/-0.039"
364 , "PLCKERC044 G059.41-00.20" ,, 295.85375 , 23.27556 , 59.41134 , -0.20909 , "1.2e+4+/-447" , "3779.43+/-352.1" , "1.0e+4+/-218.53" , "2.1e+4+/-634.91" , 1.81 , 0 , 1 , 6 , "0.955+/-0.046"
365 , "PLCKERC044 G061.48+00.12" ,, 296.67542 , 25.24083 , 61.48735 , 0.12612 , "9921.8+/-313" , "6270.47+/-367.4" , "8472.6+/-151.69" , "1.6e+4+/-1452.8" , 1.81 , 0 , 1 , 6 , "0.988+/-0.045"
366 , "PLCKERC044 G063.13+00.40" ,, 297.33667 , 26.80167 , 63.13475 , 0.40198 , "8548+/-345" , "4207.97+/-297.3" , "7471+/-153.88" , "1.3e+4+/-418.49" , 1.81 , 0 , 0 , 7 , "0.983+/-0.045"
367 , "PLCKERC044 G064.09-00.48" ,, 298.74083 , 27.175 , 64.09611 , -0.48157 , "1897.8+/-241" , "1707.65+/-284.9" , "1826.6+/-113.71" , "1712.4+/-4970.12" , 1.81 , 1 , 1 , 6 , "0.858+/-0.058"
368 , "PLCKERC044 G085.26+11.78" ,, 298.86667 , 51.51833 , 85.26912 , 11.78432 , "949.3+/-127" , "899.65+/-123.8" , "-1146.6+/-134.87" , "-3705.1+/-1.39e+5" , 1.714 , 0 , 1 , 11 , "0.905+/-0.048"
369 , "PLCKERC044 G001.55-28.92" ,, 299.4575 , -38.76444 , 1.55639 , -28.92953 , "2054+/-153" , "1896.79+/-206.6" , "2080.9+/-114.55" , "2375.8+/-300.52" , 1.714 , 0 , 0 , 5 , "0.966+/-0.045"
370 , "PLCKERC044 G068.22+01.06" ,, 299.68458 , 31.50639 , 68.2232 , 1.0694 , "6121.3+/-205" , "2157.58+/-424.1" , "5224.1+/-114.32" , "5910.7+/-367.93" , 1.81 , 0 , 0 , 8 , "0.906+/-0.045"
371 , "PLCKERC044 G076.17+05.77" ,, 299.84083 , 40.72944 , 76.17546 , 5.77089 , "2.6e+4+/-211" , "2.83e+4+/-826" , "2.7e+4+/-101.36" , "2.5e+4+/-197.81" , 1.81 , 0 , 0 , 7 , "0.999+/-0.045"
372 , "PLCKERC044 G060.78-03.70" ,, 299.87583 , 22.6725 , 60.78248 , -3.70163 , "1176.7+/-211" , "944.95+/-187.7" , "-" , "2394.7+/-534.71" , 1.81 , 1 , 1 , 5 , "0.792+/-0.081"
373 , "PLCKERC044 G071.61+02.85" ,, 299.99083 , 35.32694 , 71.61325 , 2.85358 , "8506+/-508" , "3458.2+/-497.9" , "6467.2+/-184.94" , "1.2e+4+/-3884.67" , 1.81 , 0 , 1 , 8 , "0.814+/-0.073"
374 , "PLCKERC044 G024.01-23.09" ,, 300.2175 , -17.80722 , 24.01063 , -23.09448 , "1740.9+/-158" , "1627.08+/-200.1" , "1803.5+/-116.61" , "1764.2+/-268.32" , 1.81 , 0 , 0 , 6 , "0.936+/-0.046"
375 , "PLCKERC044 G070.27+01.60" ,, 300.42208 , 33.53167 , 70.27341 , 1.60585 , "2.7e+4+/-485" , "1.70e+4+/-479.8" , "2.5e+4+/-278.85" , "3.3e+4+/-464.51" , 1.81 , 0 , 0 , 7 , "0.992+/-0.046"
376 , "PLCKERC044 G110.47+22.74" ,, 301.35 , 77.89583 , 110.47933 , 22.74686 , "993.8+/-155" , "1409.47+/-166.3" , "-935.8+/-115.21" , "-472.1+/-655.76" , 1.714 , 1 , 0 , 8 , "0.961+/-0.045"
377 , "PLCKERC044 G097.70+16.78" ,, 301.52583 , 64.48417 , 97.70114 , 16.78659 , "1141.6+/-106" , "755.89+/-125.1" , "1319.8+/-58.51" , "1805.7+/-211.82" , 1.714 , 0 , 0 , 10 , "0.896+/-0.049"
378 , "PLCKERC044 G105.37+20.15" ,, 302.58375 , 72.49306 , 105.37619 , 20.15168 , "901.9+/-96" , "977.32+/-142.6" , "894.7+/-67.93" , "838.7+/-141.58" , 1.714 , 1 , 0 , 9 , "0.948+/-0.045"
379 , "PLCKERC044 G075.81+00.37" ,, 305.425 , 37.48639 , 75.81351 , 0.37262 , "1.8e+4+/-582" , "1.08e+4+/-1655.2" , "1.7e+4+/-279.43" , "2.4e+4+/-588" , 1.81 , 0 , 0 , 7 , "0.988+/-0.045"
380 , "PLCKERC044 G096.11+13.77" ,, 305.56583 , 61.63611 , 96.11023 , 13.77071 , "1238.9+/-76" , "841.77+/-123.3" , "1253+/-41.27" , "1395.3+/-101.12" , 1.714 , 1 , 0 , 7 , "0.955+/-0.045"
381 , "PLCKERC044 G073.12-02.39" ,, 306.32333 , 33.69944 , 73.12879 , -2.39699 , "4192.6+/-330" , "3958.78+/-340" , "3728.5+/-100.21" , "2919.9+/-1426.54" , 1.81 , 0 , 1 , 6 , "0.955+/-0.045"
382 , "PLCKERC044 G036.96-24.46" ,, 306.5225 , -7.57528 , 36.96962 , -24.46891 , "1124.5+/-179" , "899.39+/-161.9" , "972.9+/-115.86" , "1818.1+/-502.33" , 1.714 , 0 , 1 , 5 , "0.796+/-0.08"
383 , "PLCKERC044 G076.38-00.65" ,, 306.89125 , 37.36028 , 76.3812 , -0.65193 , "1.6e+4+/-591" , "1.17e+4+/-1637.4" , "1.5e+4+/-272.02" , "1.9e+4+/-1747.82" , 1.81 , 0 , 0 , 7 , "0.97+/-0.045"
384 , "PLCKERC044 G078.16-00.36" ,, 307.93583 , 38.97361 , 78.16923 , -0.36969 , "3.8e+4+/-2372" , "1.25e+4+/-1538.2" , "3.0e+4+/-530.18" , "5.7e+4+/-1397.27" , 1.81 , 0 , 0 , 9 , "0.79+/-0.039"
385 , "PLCKERC044 G056.14-15.77" ,, 307.99708 , 12.33639 , 56.14998 , -15.77822 , "1242.4+/-144" , "1470.13+/-175.6" , "1392.6+/-101.16" , "1405.3+/-236.07" , 1.714 , 0 , 0 , 5 , "0.944+/-0.045"
386 , "PLCKERC044 G082.16+02.37" ,, 308.14125 , 43.81306 , 82.16035 , 2.37313 , "3.6e+4+/-1123" , "1.25e+4+/-1310" , "3.5e+4+/-644.74" , "5.8e+4+/-1614.23" , 1.81 , 0 , 0 , 7 , "0.853+/-0.042"
387 , "PLCKERC044 G083.79+03.27" ,, 308.48417 , 45.6675 , 83.79919 , 3.27846 , "5186+/-394" , "4790.2+/-592.5" , "-" , "5332+/-376.97" , 1.81 , 0 , 0 , 7 , "0.928+/-0.047"
388 , "PLCKERC044 G084.90+03.83" ,, 308.78167 , 46.88444 , 84.90104 , 3.83862 , "3.2e+4+/-442" , "7486.79+/-618.3" , "2.7e+4+/-365.1" , "4.8e+4+/-367.46" , 1.81 , 0 , 0 , 9 , "0.997+/-0.045"
389 , "PLCKERC044 G081.35+01.16" ,, 308.815 , 42.45028 , 81.35893 , 1.16594 , "4.8e+4+/-4315" , "2.15e+4+/-1871.9" , "3.2e+4+/-1612.71" , "1.5e+5+/-9960.83" , 1.81 , 0 , 1 , 9 , "0.889+/-0.049"
390 , "PLCKERC044 G326.14-34.56" ,, 309.07625 , -68.78639 , 326.14841 , -34.56581 , "1351.7+/-166" , "1025.22+/-183.7" , "-" , "2736.9+/-8645.35" , 1.714 , 1 , 1 , 5 , "0.856+/-0.059"
391 , "PLCKERC044 G088.79+06.02" ,, 309.65667 , 51.29917 , 88.79287 , 6.02623 , "2382.4+/-281" , "1560.05+/-214" , "1960.8+/-80.46" , "452.2+/-502.83" , 1.81 , 0 , 0 , 8 , "0.764+/-0.091"
392 , "PLCKERC044 G075.52-08.69" ,, 313.99417 , 31.76972 , 75.52627 , -8.69322 , "1769.3+/-165" , "1192.84+/-171.1" , "1583.6+/-95.11" , "4046+/-454.76" , 1.714 , 0 , 1 , 8 , "0.899+/-0.049"
393 , "PLCKERC044 G352.55-40.34" ,, 314.01625 , -47.27778 , 352.55135 , -40.34503 , "3324.7+/-147" , "2611.7+/-215.9" , "3294.3+/-113.7" , "3761.1+/-296.92" , 1.714 , 1 , 0 , 6 , "0.987+/-0.045"
394 , "PLCKERC044 G015.83-39.77" ,, 315.26917 , -29.52583 , 15.83511 , -39.77518 , "1174+/-213" , "982+/-188.1" , "974.8+/-120.74" , "2.1e+4+/-4.03e+4" , 1.714 , 1 , 1 , 6 , "0.823+/-0.07"
395 , "PLCKERC044 G084.93-03.50" ,, 316.76542 , 42.235 , 84.93332 , -3.50168 , "6072.8+/-281" , "4981+/-441.1" , "5117.7+/-139.22" , "7551.7+/-381.66" , 1.81 , 0 , 0 , 7 , "0.978+/-0.045"
396 , "PLCKERC044 G091.05+01.66" ,, 317.25042 , 50.23694 , 91.05952 , 1.66062 , "7306.6+/-225" , "2961.18+/-433.9" , "6051.9+/-153.15" , "1.7e+4+/-808.23" , 1.81 , 0 , 1 , 4 , "0.911+/-0.048"
397 , "PLCKERC044 G092.99+02.74" ,, 318.09458 , 52.39333 , 92.99765 , 2.74585 , "2.4e+4+/-444" , "1.03e+4+/-452.8" , "2.0e+4+/-272.17" , "3.3e+4+/-542.41" , 1.81 , 0 , 0 , 6 , "0.995+/-0.047"
398 , "PLCKERC044 G099.12+07.55" ,, 319.40375 , 60.12417 , 99.12304 , 7.55131 , "1845.9+/-169" , "1440.83+/-193.5" , "1818.2+/-107.82" , "1806.4+/-266.09" , 1.81 , 0 , 0 , 4 , "0.903+/-0.048"
399 , "PLCKERC044 G093.45+01.66" ,, 319.88083 , 51.9675 , 93.4523 , 1.66214 , "7789.9+/-522" , "3388.09+/-433.9" , "5435.1+/-227.87" , "8794.5+/-1831.09" , 1.81 , 0 , 1 , 5 , "0.907+/-0.048"
400 , "PLCKERC044 G088.05-04.23" ,, 320.43875 , 43.98139 , 88.05443 , -4.23876 , "3539.3+/-181" , "1107.99+/-209.2" , "2651+/-119.99" , "1.3e+4+/-1036.96" , 1.81 , 0 , 1 , 6 , "0.798+/-0.039"
401 , "PLCKERC044 G353.53-45.65" ,, 321.65167 , -46.12778 , 353.53889 , -45.65485 , "1238.1+/-172" , "1159.36+/-167.6" , "1149+/-105.02" , "920.4+/-267.67" , 1.714 , 0 , 0 , 8 , "0.894+/-0.049"
402 , "PLCKERC044 G040.50-40.98" ,, 322.91375 , -12.15 , 40.50891 , -40.98516 , "2167.1+/-140" , "1878.63+/-199.8" , "2165.1+/-109.33" , "2272.5+/-285.48" , 1.714 , 1 , 0 , 4 , "0.968+/-0.045"
403 , "PLCKERC044 G052.40-36.51" ,, 323.55833 , -1.8825 , 52.40603 , -36.51382 , "1876.4+/-142" , "2412.98+/-185.6" , "2125.8+/-108.44" , "1724.9+/-204.09" , 1.714 , 0 , 0 , 5 , "0.986+/-0.045"
404 , "PLCKERC044 G055.45-35.59" ,, 324.16083 , 0.67639 , 55.45078 , -35.59046 , "2498.6+/-134" , "3413.11+/-164" , "3091.6+/-108.05" , "2620.2+/-207.28" , 1.714 , 0 , 0 , 6 , "0.995+/-0.047"
405 , "PLCKERC044 G094.49-01.50" ,, 324.56375 , 50.38417 , 94.49356 , -1.50592 , "7356.1+/-314" , "3853.12+/-334.8" , "5190.4+/-132.68" , "1.3e+4+/-585.65" , 1.81 , 0 , 1 , 5 , "0.983+/-0.045"
406 , "PLCKERC044 G068.54-27.53" ,, 324.75708 , 14.405 , 68.54256 , -27.53018 , "2479.9+/-134" , "1995.89+/-184.1" , "2300.9+/-83.16" , "2648.9+/-234.6" , 1.714 , 1 , 0 , 5 , "0.977+/-0.045"
407 , "PLCKERC044 G105.35+09.85" ,, 325.70458 , 66.05278 , 105.35115 , 9.85081 , "1341.6+/-117" , "862.82+/-165.1" , "1382.4+/-91.69" , "7131.6+/-1479.34" , 1.714 , 1 , 1 , 6 , "0.881+/-0.05"
408 , "PLCKERC044 G098.04+01.46" ,, 325.74958 , 54.96083 , 98.04807 , 1.46558 , "1.0e+4+/-241" , "4722.23+/-345.2" , "9245.2+/-147.33" , "1.3e+4+/-399.69" , 1.81 , 0 , 0 , 4 , "0.989+/-0.045"
409 , "PLCKERC044 G066.91-30.77" ,, 326.28792 , 11.19194 , 66.91624 , -30.77568 , "1017.3+/-149" , "958.04+/-178.6" , "905.8+/-82.48" , "2225.4+/-480.14" , 1.714 , 2 , 1 , 6 , "0.881+/-0.05"
410 , "PLCKERC044 G315.80-36.51" ,, 326.7775 , -75.61083 , 315.80169 , -36.5188 , "3370.2+/-117" , "2742.72+/-154.7" , "3251.4+/-87.4" , "3583.4+/-220.16" , 1.714 , 0 , 0 , 8 , "0.995+/-0.047"
411 , "PLCKERC044 G063.65-34.08" ,, 327.03333 , 6.95333 , 63.65766 , -34.08456 , "3772.1+/-133" , "4444.08+/-184.8" , "4329.7+/-102.55" , "3931.1+/-220.25" , 1.714 , 0 , 0 , 4 , "0.993+/-0.047"
412 , "PLCKERC044 G017.13-50.81" ,, 328.01667 , -30.43333 , 17.13194 , -50.8114 , "1096.9+/-208" , "909.74+/-175.4" , "1011.7+/-112.79" , "1038.2+/-257.77" , 1.714 , 0 , 0 , 6 , "0.813+/-0.073"
413 , "PLCKERC044 G094.41-05.49" ,, 328.38417 , 47.285 , 94.41316 , -5.4951 , "3189.6+/-162" , "2584.4+/-234" , "3175.7+/-127.68" , "3986.7+/-356.98" , 1.81 , 0 , 0 , 5 , "0.984+/-0.045"
414 , "PLCKERC044 G101.05+02.54" ,, 328.68875 , 57.70917 , 101.05534 , 2.5472 , "3794.9+/-254" , "1850.12+/-324.1" , "3156.7+/-146.27" , "7394.8+/-715.55" , 1.81 , 0 , 1 , 4 , "0.761+/-0.092"
415 , "PLCKERC044 G321.30-40.64" ,, 329.29458 , -69.69639 , 321.30421 , -40.64894 , "2294.2+/-116" , "2620.43+/-182" , "2522+/-84.51" , "2260.6+/-187.79" , 1.714 , 0 , 0 , 7 , "0.992+/-0.046"
416 , "PLCKERC044 G040.65-48.01" ,, 329.51917 , -15.0075 , 40.65174 , -48.01166 , "1650.5+/-146" , "1652.66+/-176.4" , "1792.5+/-108.76" , "2001.4+/-270.77" , 1.714 , 0 , 0 , 7 , "0.956+/-0.045"
417 , "PLCKERC044 G092.60-10.41" ,, 330.6775 , 42.30556 , 92.60515 , -10.4177 , "4261.9+/-166" , "3557.23+/-208.4" , "4116.7+/-120.81" , "4469.7+/-300.47" , 1.714 , 0 , 0 , 6 , "0.995+/-0.047"
418 , "PLCKERC044 G085.95-18.77" ,, 330.81167 , 31.76083 , 85.95668 , -18.77832 , "2393.4+/-137" , "3105.21+/-199.9" , "2691.5+/-103.35" , "2523+/-222.87" , 1.714 , 0 , 0 , 5 , "0.992+/-0.046"
419 , "PLCKERC044 G075.68-29.62" ,, 330.86625 , 17.44028 , 75.6838 , -29.6296 , "1220.5+/-138" , "1335.45+/-185.9" , "1268.9+/-82.21" , "1072.3+/-204.27" , 1.714 , 0 , 0 , 7 , "0.951+/-0.045"
420 , "PLCKERC044 G036.61-51.16" ,, 331.53667 , -18.62417 , 36.61555 , -51.16979 , "1464+/-149" , "1176.1+/-174.5" , "1423.4+/-105.86" , "1551.4+/-270.48" , 1.714 , 0 , 0 , 5 , "0.9+/-0.049"
421 , "PLCKERC044 G339.98-49.89" ,, 331.84167 , -53.74111 , 339.9815 , -49.89204 , "911.6+/-156" , "951.34+/-175.7" , "894.6+/-98.95" , "1074.8+/-1531.66" , 1.714 , 0 , 1 , 6 , "0.894+/-0.049"
422 , "PLCKERC044 G102.89-00.69" ,, 334.9025 , 56.15917 , 102.89981 , -0.69046 , "1.7e+4+/-356" , "8055.86+/-346.6" , "1.5e+4+/-224.43" , "2.4e+4+/-529.11" , 1.81 , 0 , 0 , 3 , "0.994+/-0.047"
423 , "PLCKERC044 G106.88+05.33" ,, 334.96333 , 63.37972 , 106.88551 , 5.33389 , "1.1e+4+/-580" , "1413.33+/-221.7" , "8726.1+/-197.52" , "1.7e+4+/-3324.83" , 1.81 , 0 , 1 , 4 , "0.956+/-0.046"
424 , "PLCKERC044 G104.56+01.28" ,, 335.50333 , 58.72778 , 104.56796 , 1.28952 , "2407.8+/-209" , "2814.73+/-354.8" , "2674+/-132.16" , "3307.8+/-7223.01" , 1.81 , 0 , 1 , 2 , "0.965+/-0.045"
425 , "PLCKERC044 G083.16-30.06" ,, 336.4 , 21.32278 , 83.16762 , -30.06575 , "2159.7+/-149" , "2312.53+/-212" , "2245.2+/-104.95" , "2161.9+/-267.8" , 1.714 , 0 , 0 , 6 , "0.983+/-0.045"
426 , "PLCKERC044 G058.97-48.82" ,, 336.43708 , -4.93389 , 58.97095 , -48.8253 , "4392.7+/-131" , "4755.36+/-202.6" , "4796.5+/-106.42" , "4321.4+/-222.16" , 1.714 , 0 , 0 , 5 , "0.992+/-0.047"
427 , "PLCKERC044 G055.18-51.72" ,, 337.42542 , -8.58083 , 55.18563 , -51.72686 , "1772+/-131" , "1768.56+/-196.2" , "1922.6+/-100.42" , "1749.3+/-223.51" , 1.714 , 0 , 0 , 5 , "0.963+/-0.045"
428 , "PLCKERC044 G077.43-38.58" ,, 338.14958 , 11.73167 , 77.43701 , -38.58063 , "3555.3+/-163" , "3854.22+/-210.7" , "3696+/-113.43" , "3724.8+/-262.69" , 1.714 , 0 , 0 , 5 , "0.995+/-0.047"
429 , "PLCKERC044 G344.51-56.08" ,, 338.82333 , -48.57361 , 344.51967 , -56.08691 , "1194.3+/-144" , "1051.58+/-176.1" , "1185.8+/-100.39" , "4483+/-866.49" , 1.714 , 0 , 1 , 7 , "0.896+/-0.049"
430 , "PLCKERC044 G090.09-25.62" ,, 339.05625 , 28.49361 , 90.09359 , -25.62167 , "2250+/-170" , "1498.38+/-189.2" , "2003.6+/-124.08" , "2982.4+/-421.11" , 1.81 , 0 , 0 , 3 , "0.922+/-0.047"
431 , "PLCKERC044 G331.79-52.03" ,, 339.7875 , -57.02806 , 331.79971 , -52.03856 , "2025.2+/-126" , "1334.1+/-167.6" , "2011.1+/-94.69" , "3929+/-404.82" , 1.714 , 1 , 1 , 6 , "0.943+/-0.045"
432 , "PLCKERC044 G053.86-57.02" ,, 341.53042 , -12.09 , 53.86213 , -57.02101 , "1103.6+/-171" , "1743.98+/-189.1" , "-852.9+/-140.36" , "1067.1+/-189.81" , 1.714 , 1 , 0 , 8 , "0.963+/-0.045"
433 , "PLCKERC044 G107.16-00.95" ,, 341.93 , 58.0825 , 107.16197 , -0.95002 , "1.1e+4+/-229" , "7661.78+/-402.8" , "1.0e+4+/-145.71" , "1.1e+4+/-456.9" , 1.81 , 0 , 0 , 4 , "0.991+/-0.046"
434 , "PLCKERC044 G108.24+00.53" ,, 342.49583 , 59.89417 , 108.24371 , 0.53213 , "1647.5+/-243" , "1651.14+/-321.8" , "1559.9+/-121.05" , "205+/-514.67" , 1.81 , 0 , 0 , 4 , "0.892+/-0.049"
435 , "PLCKERC044 G086.12-38.18" ,, 343.49875 , 16.15222 , 86.12252 , -38.18498 , "2.3e+4+/-205" , "2.28e+4+/-232.4" , "2.4e+4+/-147.21" , "2.3e+4+/-337" , 1.81 , 0 , 0 , 3 , "1+/-0.045"
436 , "PLCKERC044 G105.43-07.07" ,, 343.995 , 51.82833 , 105.43644 , -7.07782 , "1558.3+/-231" , "1014.96+/-200" , "1044.2+/-133.57" , "1277.6+/-419.71" , 1.81 , 2 , 0 , 2 , "0.79+/-0.082"
437 , "PLCKERC044 G110.25+02.58" ,, 344.39167 , 62.61917 , 110.25571 , 2.58405 , "1.4e+4+/-450" , "3983.8+/-328.6" , "1.3e+4+/-243.31" , "2.7e+4+/-548.55" , 1.81 , 0 , 1 , 2 , "0.984+/-0.046"
438 , "PLCKERC044 G108.99-00.25" ,, 344.50833 , 59.5125 , 108.99068 , -0.25398 , "2736.7+/-211" , "1680.72+/-318.4" , "2728.9+/-146.12" , "1.3e+4+/-1394.54" , 1.81 , 0 , 1 , 2 , "0.809+/-0.075"
439 , "PLCKERC044 G024.32-64.92" ,, 344.52417 , -27.99722 , 24.32836 , -64.922 , "3262.3+/-149" , "2646.64+/-188" , "3181+/-103.11" , "3523.2+/-264.71" , 1.714 , 0 , 0 , 4 , "0.99+/-0.045"
440 , "PLCKERC044 G317.00-45.91" ,, 345.82875 , -68.14306 , 317.00765 , -45.91808 , "935.8+/-127" , "1157.27+/-151.5" , "-1370.3+/-104.33" , "4.1+/-116.4" , 1.714 , 0 , 0 , 7 , "0.927+/-0.047"
441 , "PLCKERC044 G110.14+00.01" ,, 346.38458 , 60.22694 , 110.14256 , 0.01175 , "3011.2+/-526" , "1986.45+/-374" , "-" , "1.5e+4+/-4.25e+4" , 1.81 , 1 , 1 , 2 , "0.758+/-0.093"
442 , "PLCKERC044 G100.41-24.05" ,, 347.79 , 34.39389 , 100.41873 , -24.05632 , "1384.1+/-207" , "1493.15+/-209.7" , "-692.3+/-558.23" , "1015.4+/-270.64" , 1.81 , 0 , 0 , 2 , "0.911+/-0.048"
443 , "PLCKERC044 G111.56+00.80" ,, 348.465 , 61.50222 , 111.56574 , 0.8028 , "2.5e+4+/-473" , "1.76e+4+/-519.7" , "2.5e+4+/-217.12" , "2.7e+4+/-445.28" , 1.81 , 0 , 0 , 2 , "0.994+/-0.046"
444 , "PLCKERC044 G334.46-60.46" ,, 348.99542 , -50.41556 , 334.46181 , -60.46445 , "1114.9+/-127" , "882.91+/-165.5" , "979.9+/-88.72" , "1942.7+/-389.34" , 1.714 , 1 , 1 , 6 , "0.827+/-0.069"
445 , "PLCKERC044 G111.25-00.73" ,, 349.01958 , 59.95889 , 111.2571 , -0.7335 , "1.5e+4+/-516" , "4577.34+/-497.8" , "1.5e+4+/-265.68" , "2.7e+4+/-4455.55" , 1.81 , 0 , 1 , 2 , "0.97+/-0.046"
446 , "PLCKERC044 G111.77-02.10" ,, 350.91208 , 58.85 , 111.77698 , -2.10713 , "1.3e+5+/-778" , "1.35e+5+/-519.7" , "1.4e+5+/-240.43" , "1.4e+5+/-480.03" , 1.81 , 0 , 0 , 4 , "1+/-0.046"
447 , "PLCKERC044 G335.63-64.08" ,, 352.39917 , -47.50944 , 335.6383 , -64.08868 , "1233.9+/-146" , "1498.38+/-204.4" , "1298+/-99.36" , "1312.6+/-227.24" , 1.714 , 1 , 0 , 7 , "0.945+/-0.045"
448 , "PLCKERC044 G113.59-00.67" ,, 353.4525 , 60.78361 , 113.59759 , -0.6735 , "3279.6+/-154" , "2567.88+/-231.8" , "3607+/-116.73" , "3899.9+/-290.9" , 1.81 , 0 , 0 , 3 , "0.966+/-0.045"
449 , "PLCKERC044 G065.60-71.91" ,, 357.04542 , -16.51806 , 65.60843 , -71.91717 , "2028.5+/-192" , "1695.09+/-228.4" , "2032+/-143.97" , "2578.4+/-415.97" , 1.81 , 0 , 0 , 3 , "0.918+/-0.047"
450 , "PLCKERC044 G115.77-01.60" ,, 358.22958 , 60.455 , 115.77467 , -1.60085 , "2752.4+/-140" , "1523.49+/-227" , "2730.4+/-113.11" , "4179+/-377.46" , 1.81 , 0 , 0 , 4 , "0.931+/-0.046"
451 , "PLCKERC044 G320.13-62.10" ,, 359.50292 , -53.20583 , 320.13149 , -62.10187 , "1323.6+/-166" , "2120.25+/-206.5" , "1603.5+/-104.84" , "1324.7+/-199.92" , 1.714 , 0 , 0 , 6 , "0.97+/-0.045"
452 , "PLCKERC044 G314.06-55.08" ,, 359.72667 , -60.88917 , 314.06787 , -55.08865 , "1503.5+/-163" , "1158.31+/-177" , "1294.4+/-98.61" , "2710.6+/-416.46" , 1.714 , 1 , 1 , 8 , "0.906+/-0.048"
