_id ,fermi2psr_name , RA, Dec, LII, BII, P0, P1 (10-15) , Edot (1034), S1400, Type , Flux 100MeV, Spectral index , Energy Flux, TS , ECutoff , TSCutoff , Luminosity, Luminosity Error , Efficiency , Efficiency Error , Radio Lag , Gamma Peak , History , Distance, Distance Error , Method , Peak Mult. ,other_name
1 , J0007+7303 , 1.75625 , 73.05228 , 119.65 , 10.46 , 316 , 3.57e-13 , 4.5e+35 , < 0.005 , YRQ , 3.294e-7±4.5e-9 , 1.397±0.016 , 4.006e-10±4.47e-12 , 43388 , 4660±174 , 1884 , 9.39e+34 , 3.59e+34 +4.46e+34 , 0.21 , 0.08 +0.1 , -9.9±-9.9 , 0.216±0.005 , Gamma , 1.4 , ±0.3 , K , 2,
2 , J0023+0923 , 5.82 , 9.39 , 111.38 , -52.85 , 3.05 , 1.09e-20 , 1.5e+34 , 0.189 , MSP , 1.178e-8±3.54e-9 , 1.405±0.395 , 8.01e-12±1.23e-12 , 131 , 1410±601 , 16 , 4.56e+32 , 1.34e+32 +3.2e+32 , 0.03 , 0.009 +0.021 , 0.375±0.064 , 0.608±0.192 , Radio , 0.69 , 0.21 +0.11 , DM , 2,
3 , J0030+0451 , 7.61417 , 4.861 , 113.14 , -57.61 , 4.87 , 1.02e-20 , 3.6e+33 , 0.6 , MSP , 6.599e-8±3.32e-9 , 1.211±0.072 , 6.135e-11±1.82e-12 , 4788 , 1820±171 , 316 , 5.75e+32 , 2.2e+32 +4.84e+32 , 0.159 , 0.061 +0.134 , 0.16±0.001 , 0.45±0.001 , Radio , 0.28 , 0.1 +0.06 , P , 2,
4 , J0034-0534 , 8.59083 , -5.57689 , 111.49 , -68.07 , 1.88 , 4.98e-21 , 1.7e+34 , 0.61 , MSP , 2.18e-8±2.91e-9 , 1.436±0.169 , 1.625e-11±1.18e-12 , 563 , 1830±417 , 45 , 5.67e+32 , 1.9e+32 +2.55e+32 , 0.033 , 0.011 +0.015 , 0.866±0.005 , 0.285±0.023 , Radio , 0.54 , 0.11 +0.1 , DM , 2,
5 , J0101-6422 , 15.29625 , -64.375 , 301.19 , -52.73 , 2.57 , 4.8e-21 , 1e+34 , 0.28 , MSP , 7.51e-9±1.4e-9 , 0.693±0.29 , 1.047e-11±9.1e-13 , 491 , 1520±358 , 59 , 3.79e+32 , 1.02e+32 +1.34e+32 , 0.038 , 0.01 +0.013 , 0.145±0.005 , 0.417±0.018 , Radio , 0.55 , 0.09 +0.08 , DM , 2,
6 , J0102+4839 , 15.71083 , 48.66189 , 124.87 , -14.17 , 2.96 , 1.17e-20 , 1.7e+34 , 0.218 , MSP , 1.316e-8±3.41e-9 , 1.401±0.249 , 1.321e-11±1.58e-12 , 251 , 3160±1140 , 29 , 8.51e+33 , 2.86e+33 +4.06e+33 , 0.486 , 0.163 +0.232 , 0.259±0.004 , 0.454±0.015 , Radio , 2.32 , 0.5 +0.43 , DM , 2,
7 , J0106+4855 , 16.60417 , 48.931 , 125.46 , -13.87 , 83.2 , 4.28e-16 , 2.9e+34 , 0.008 , YRQ , 1.665e-8±3.8e-9 , 1.223±0.211 , 1.93e-11±1.82e-12 , 544 , 2740±603 , 58 , 2.09e+34 , 8.49e+33 +1.81e+34 , 0.712 , 0.289 +0.616 , 0.062±0.002 , 0.487±0.003 , Gamma , 3.01 , 1.1 +0.69 , DM , 2,
8 , J0205+6449 , 31.40792 , 64.82858 , 130.71 , 3.08 , 65.7 , 1.9e-13 , 2.6e+37 , 0.045 , YRL , 1.053e-7±6.71e-9 , 1.834±0.106 , 5.358e-11±2.28e-12 , 1019 , 1610±332 , 86 , 2.44e+34 , 9.9e+32 +1.01e+33 , 0.001 , - , 0.075±0.004 , 0.503±0.004 , Xrays , 1.95 , ±0.04 , KP , 2,
9 , J0218+4232 , 34.52625 , 42.53819 , 139.5 , -17.53 , 2.32 , 7.74e-20 , 2.4e+35 , 0.9 , MSP , 7.753e-8±6.67e-9 , 1.981±0.085 , 4.56e-11±2.38e-12 , 1313 , 4640±1200 , 38 , 3.8e+34 , 1.62e+34 +3.75e+34 , 0.156 , 0.067 +0.154 , 0.351±0.077 , 0.388±0.08 , Radio , 2.64 , 1.08 +0.64 , DM , 2,
10 , J0248+6021 , 42.0775 , 60.35969 , 136.9 , 0.69 , 217 , 5.5e-14 , 2.1e+35 , 13.7 , YRL , 9.896e-8±1.26e-8 , 1.783±0.146 , 5.163e-11±3.92e-12 , 578 , 1560±316 , 61 , 2.47e+34 , 4.69e+33 +5.19e+33 , 0.116 , 0.022 +0.024 , 0.336±0.017 , -9.9±-9.9 , Radio , 2 , ±0.2 , K , 1,
11 , J0340+4130 , 55.09667 , 41.51258 , 153.78 , -11.03 , 3.3 , 5.9e-21 , 7.9e+33 , 0.173 , MSP , 1.502e-8±2.35e-9 , 1.078±0.183 , 2.036e-11±1.54e-12 , 553 , 2650±595 , 73 , 7.29e+33 , 2.31e+33 +2.65e+33 , 0.926 , 0.293 +0.337 , 0.751±0.006 , 0.232±0.016 , Radio , 1.73 , 0.29 +0.3 , DM , 2,
12 , J0357+3205 , 59.46708 , 32.09 , 162.75 , -16.01 , 444 , 1.31e-14 , 5.9e+33 , < 0.004 , YRQ , 9.04e-8±4.18e-9 , 0.988±0.093 , 6.419e-11±1.77e-12 , 3468 , 817±67.9 , 461 , - , - , - , - , -9.9±-9.9 , -9.9±-9.9 , Gamma , - , - , DMM , 1,
13 , J0437-4715 , 69.31583 , -47.2525 , 253.39 , -41.97 , 5.76 , 5.73e-20 , 2.9e+33 , 149 , MSP , 2.678e-8±3.17e-9 , 1.382±0.198 , 1.669e-11±1.11e-12 , 687 , 1120±248 , 67 , 4.86e+31 , 6.21e+29 +6.25e+29 , 0.017 , - , 0.442±0.01 , -9.9±-9.9 , Radio , 0.156 , ±0.001 , P , 1,
14 , J0534+2200 , 83.63292 , 22.0145 , 184.55 , -5.79 , 33.6 , 4.2e-13 , 1e+38 , 14 , YRL , 0.000002076±1.45e-8 , 1.908±0.01 , 1.293e-9±8.46e-12 , 102653 , 4240±175 , 1461 , 6.19e+35 , 2.71e+35 +3.48e+35 , 0.001 , ±0.001 , 0.109±0 , 0.407±0.001 , Radio , 2 , ±0.5 , O , 2,
15 , J0610-2100 , 92.55625 , -21.00778 , 227.74 , -18.19 , 3.86 , 1.23e-20 , 8.3e+32 , 0.4 , MSP , 7.81e-9±2.53e-9 , 1.235±0.424 , 6.57e-12±1.07e-12 , 98 , 1580±754 , 14 , 9.85e+33 , 4.78e+33 +5.38e+34 , 11.8 , 5.727 +64.49 , 0.236±0.006 , -9.9±-9.9 , Radio , 3.54 , 5.46 +1 , DM , 1,
16 , J0613-0200 , 93.43292 , -2.01308 , 210.41 , -9.31 , 3.06 , 9.59e-21 , 1.2e+34 , 2.3 , MSP , 2.75e-8±3.69e-9 , 1.224±0.155 , 2.989e-11±1.9e-12 , 760 , 2460±480 , 88 , 2.9e+33 , 1.14e+33 +3.15e+33 , 0.241 , 0.095 +0.262 , 0.261±0.02 , 0.175±0.021 , Radio , 0.9 , 0.4 +0.2 , P , 2,
17 , J0614-3329 , 93.54292 , -33.49839 , 240.5 , -21.83 , 3.15 , 1.78e-20 , 2.2e+34 , 0.604 , MSP , 8.529e-8±2.91e-9 , 1.299±0.042 , 1.094e-10±2.71e-12 , 9408 , 3890±313 , 416 , 4.72e+34 , 1.58e+34 +2.44e+34 , 2.147 , 0.718 +1.11 , 0.126±0.002 , 0.554±0.002 , Radio , 1.9 , 0.44 +0.35 , DM , 2,
18 , J0622+3749 , 95.54375 , 37.81939 , 175.87 , 10.95 , 333 , 2.54e-14 , 2.7e+34 , < 0.012 , YRQ , 1.994e-8±3.23e-9 , 0.616±0.353 , 1.448e-11±1.27e-12 , 302 , 569±127 , 91 , - , - , - , - , -9.9±-9.9 , 0.457±0.034 , Gamma , - , - , DMM , 2,
19 , J0631+1036 , 97.86542 , 10.6165 , 201.22 , 0.45 , 288 , 1.05e-13 , 1.7e+35 , 0.8 , YRL , 6.437e-8±6.38e-9 , 1.837±0.089 , 4.653e-11±2.74e-12 , 621 , 5520±1420 , 39 , 5.57e+33 , 2.44e+33 +3.13e+33 , 0.032 , 0.014 +0.018 , 0.497±0.022 , -9.9±-9.9 , Radio , 1 , ±0.25 , O , 1,
20 , J0633+1746 , 98.47583 , 17.77078 , 195.13 , 4.26 , 237 , 1.1e-14 , 3.2e+34 , < 0.507 , YRQ , 0.000004159±1.24e-8 , 1.231±0.005 , 4.233e-9±1.23e-11 , 906994 , 2220±19.3 , 33861 , 3.17e+34 , 1.7e+34 +8.5e+34 , 0.974 , 0.524 +2.617 , -9.9±-9.9 , 0.508±0.001 , Xrays , 0.25 , 0.23 +0.08 , P , 2,
21 , J0633+0632 , 98.43375 , 6.54158 , 205.09 , -0.94 , 297 , 7.96e-14 , 1.2e+35 , < 0.003 , YRQ , 9.731e-8±1.07e-8 , 1.369±0.098 , 9.417e-11±4.88e-12 , 2448 , 2710±334 , 203 , - , - , - , - , -9.9±-9.9 , 0.476±0.003 , Gamma , - , - , DMM , 2,
22 , J0659+1414 , 104.95042 , 14.23928 , 201.1 , 8.25 , 385 , 5.5e-14 , 3.8e+34 , 3.7 , YRL , 7.099e-8±6.19e-9 , 1.718±0.477 , 2.508e-11±1.69e-12 , 419 , 399±205 , 33 , 2.35e+32 , 4.77e+31 +5.31e+31 , 0.006 , ±0.001 , 0.224±0.01 , -9.9±-9.9 , Radio , 0.28 , ±0.03 , P , 1,
23 , J0729-1448 , 112.31708 , -14.81128 , 230.39 , 1.42 , 252 , 1.14e-13 , 2.8e+35 , 0.7 , YRL , -9.9±-9.9 , 0±0 , -9.9±-9.9 , 0 , 0±0 , 0 , 1.72e+34 , 3.51e+33 +4.13e+33 , 0.061 , 0.012 +0.015 , 0.577±0.01 , -9.9±-9.9 , Radio , 3.52 , 0.4 +0.38 , DM , 1,
24 , J0734-1559 , 113.69 , -15.988 , 232.06 , 2.01 , 155 , 1.25e-14 , 1.3e+35 , < 0.005 , YRQ , 1.079e-7±6.69e-9 , 2.038±0.083 , 5.559e-11±2.44e-12 , 916 , 3250±859 , 39 , - , - , - , - , -9.9±-9.9 , -9.9±-9.9 , Gamma , - , - , DMM , 1,
25 , J0742-2822 , 115.70417 , -28.37889 , 243.77 , -2.45 , 167 , 1.68e-14 , 1.4e+35 , 15 , YRL , 3.213e-8±5.74e-9 , 1.743±0.265 , 1.734e-11±2.04e-12 , 112 , 1580±762 , 11 , 8.89e+33 , 3.78e+33 +4.71e+33 , 0.062 , 0.026 +0.033 , 0.627±0.005 , -9.9±-9.9 , Radio , 2.07 , 0.49 +0.5 , DM , 1,
26 , J0751+1807 , 117.78792 , 18.12739 , 202.73 , 21.08 , 3.48 , 7.78e-21 , 7.2e+33 , 3.2 , MSP , 1.078e-8±2.14e-9 , 1.141±0.218 , 1.325e-11±1.2e-12 , 427 , 2560±641 , 46 , 2.54e+32 , 1.11e+32 +3.17e+32 , 0.035 , 0.015 +0.044 , 0.398±0.008 , 0.27±0.017 , Radio , 0.4 , 0.2 +0.1 , P , 3,
27 , J0835-4510 , 128.83542 , -45.17628 , 263.55 , -2.79 , 89.4 , 1.25e-13 , 6.9e+36 , 1100 , YRL , 0.00001088±2.18e-8 , 1.544±0.003 , 9.064e-9±1.82e-11 , 1659005 , 3030±23.2 , 43084 , 8.93e+34 , 1.03e+34 +1.22e+34 , 0.013 , 0.001 +0.002 , 0.129±0 , 0.433±0 , Radio , 0.287 , 0.019 +0.017 , P , 3,
28 , J0908-4913 , 137.14792 , -49.21847 , 270.26 , -1.03 , 107 , 1.51e-14 , 4.9e+35 , 10 , YRL , 7.9e-8±1.34e-8 , 1.004±0.447 , 4.432e-11±4.4e-12 , 315 , 548±198 , 82 , 3.5e+34 , 2.06e+34 +2.99e+34 , 0.071 , 0.042 +0.061 , 0.102±0.005 , 0.501±0.006 , Radio , 2.57 , 0.93 +0.92 , DM , 2,
29 , J0940-5428 , 145.2425 , -54.47789 , 277.51 , -1.3 , 87.6 , 3.28e-14 , 1.9e+36 , 0.66 , YRL , -9.9±-9.9 , 0±0 , -9.9±-9.9 , 0 , 0±0 , 0 , 4.22e+33 , 1.33e+33 +1.52e+33 , 0.002 , ±0.001 , 0.451±0.035 , -9.9±-9.9 , Radio , 2.95 , 0.49 +0.51 , DM , 1,
30 , J1016-5857 , 154.08792 , -58.95339 , 284.07 , -1.89 , 107 , 8.06e-14 , 2.6e+36 , 0.46 , YRL , 6.918e-8±2.36e-8 , 1.783±0.23 , 5.444e-11±9.07e-12 , 290 , 5840±2590 , 13 , 5.48e+34 , 4.83e+34 +2.5e+34 , 0.021 , 0.019 +0.01 , 0.143±0.003 , 0.423±0.004 , Radio , 2.9 , 0.6 +1.9 , K , 2,
31 , J1019-5749 , 154.96708 , -57.81828 , 283.83 , -0.69 , 163 , 2.01e-14 , 1.8e+35 , 0.8 , YRL , -9.9±-9.9 , 0±0 , -9.9±-9.9 , 0 , 0±0 , 0 , 4.27e+34 , 2.56e+34 +3.26e+35 , 0.231 , 0.139 +1.769 , 0.482±0.01 , -9.9±-9.9 , Radio , 6.8 , 13.2 +2.5 , DM , 1,
32 , J1023-5746 , 155.76083 , -57.76978 , 284.16 , -0.42 , 111 , 3.82e-13 , 1.1e+37 , < 0.03 , YRQ , 3.02e-7±2.72e-8 , 1.709±0.088 , 1.949e-10±1.23e-11 , 2926 , 2460±426 , 162 , - , - , - , - , -9.9±-9.9 , 0.474±0.002 , Gamma , - , - , DMM , 2,
33 , J1024-0719 , 156.16083 , -7.32208 , 251.7 , 40.51 , 5.16 , 1.85e-20 , 4.6e+32 , 1.5 , MSP , 2.39e-9±1.92e-9 , 0.568±1.353 , 3.18e-12±1.01e-12 , 46 , 1230±1140 , 11 , 5.67e+31 , 1.06e+31 +1.2e+31 , 0.123 , 0.023 +0.026 , 0.492±0.046 , -9.9±-9.9 , Radio , 0.386 , 0.039 +0.038 , DM , 1,
34 , J1028-5819 , 157.11583 , -58.31839 , 285.06 , -0.5 , 91.4 , 1.61e-14 , 8.3e+35 , 0.36 , YRL , 3.147e-7±1.93e-8 , 1.739±0.051 , 2.426e-10±7.64e-12 , 5096 , 4590±493 , 235 , 1.58e+35 , 3.91e+34 +4.17e+34 , 0.189 , 0.047 +0.05 , 0.195±0.001 , 0.475±0.001 , Radio , 2.33 , 0.29 +0.31 , DM , 2,
35 , J1044-5737 , 161.13708 , -57.62208 , 286.57 , 1.16 , 139 , 5.46e-14 , 8e+35 , < 0.02 , YRQ , 2.587e-7±1.33e-8 , 1.824±0.053 , 1.56e-10±4.77e-12 , 3380 , 2810±310 , 202 , - , - , - , - , -9.9±-9.9 , 0.373±0.004 , Gamma , - , - , DMM , 2,
36 , J1048-5832 , 162.05042 , -58.53489 , 287.42 , 0.57 , 124 , 9.57e-14 , 2e+36 , 6.5 , YRL , 2.457e-7±1.53e-8 , 1.572±0.058 , 1.958e-10±6.09e-12 , 5389 , 2960±273 , 325 , 1.76e+35 , 4.43e+34 +4.93e+34 , 0.088 , 0.022 +0.025 , 0.125±0.001 , 0.426±0.001 , Radio , 2.74 , 0.36 +0.37 , DM , 2,
37 , J1057-5226 , 164.495 , -52.449 , 285.98 , 6.64 , 197 , 5.83e-15 , 3e+34 , 9.5 , YRL , 3.22e-7±5.92e-9 , 1.051±0.031 , 2.952e-10±3.48e-12 , 27848 , 1360±47.7 , 2377 , 4.33e+33 , 2.91e+33 +4.5e+33 , 0.144 , 0.097 +0.15 , 0.304±0.003 , 0.307±0.004 , Radio , 0.35 , ±0.15 , O , 3,
38 , J1105-6107 , 166.35875 , -61.13089 , 290.48 , -0.85 , 63.2 , 1.58e-14 , 2.5e+36 , 0.75 , YRL , 7.832e-8±1.62e-8 , 1.466±0.307 , 4.89e-11±6.22e-12 , 309 , 1300±602 , 42 , 1.45e+35 , 5.1e+34 +6.13e+34 , 0.059 , 0.021 +0.025 , 0.11±0.001 , 0.504±0.006 , Radio , 4.98 , 0.96 +0.97 , DM , 2,
39 , J1112-6103 , 168.06167 , -61.05869 , 291.22 , -0.47 , 65 , 3.15e-14 , 4.5e+36 , 1.4 , YRL , 1.875e-8±9.17e-9 , 1.557±0.281 , 2.034e-11±4.78e-12 , 58 , 5890±3240 , 6 , 3.62e+35 , 1.9e+35 +6.11e+35 , 0.08 , 0.042 +0.135 , 0.192±0.007 , 0.457±0.013 , Radio , 12.2 , 7.8 +3.8 , DM , 2,
40 , J1119-6127 , 169.80958 , -61.46369 , 292.15 , -0.54 , 409 , 4.03e-12 , 2.3e+36 , 0.8 , YRL , 1.127e-7±1.27e-8 , 1.812±0.109 , 7.148e-11±4.75e-12 , 661 , 3200±796 , 37 , 6.04e+35 , 5.61e+34 +5.88e+34 , 0.259 , 0.024 +0.025 , 0.285±0.015 , 0.204±0.02 , Radio , 8.4 , ±0.4 , K , 2,
41 , J1124-3653 , 171.00458 , -36.88858 , 284.09 , 22.76 , 2.41 , 5.75e-21 , 1.7e+34 , 0.039 , MSP , 9.41e-9±2.35e-9 , 1.089±0.263 , 1.212e-11±1.32e-12 , 293 , 2500±687 , 39 , 4.29e+33 , 1.61e+33 +2.41e+33 , 0.25 , 0.094 +0.141 , 0.298±0.011 , 0.214±0.043 , Radio , 1.72 , 0.43 +0.36 , DM , 2,
42 , J1124-5916 , 171.1625 , -59.27219 , 292.03 , 1.74 , 136 , 7.5e-13 , 1.2e+37 , 0.08 , YRL , 1.045e-7±1.08e-8 , 1.755±0.11 , 6.168e-11±3.72e-12 , 1058 , 2140±400 , 79 , 1.7e+35 , 7.44e+34 +5.32e+34 , 0.014 , 0.006 +0.004 , 0.141±0.003 , 0.499±0.004 , Radio , 4.8 , 0.7 +1.2 , X , 2,
43 , J1125-5825 , 171.43458 , -58.42139 , 291.89 , 2.59 , 3.1 , 6.09e-20 , 8.1e+34 , 0.44 , MSP , 1.11e-8±4.8e-9 , 1.73±0.23 , 8.9e-12±2e-12 , 41 , 4810±2430 , 4 , 7.31e+33 , 1.92e+33 +2.4e+33 , 0.091 , 0.024 +0.03 , 0.645±0.002 , -9.9±-9.9 , Radio , 2.62 , 0.4 +0.37 , DM , 1,
44 , J1135-6055 , 173.78375 , -60.92639 , 293.79 , 0.58 , 114 , 7.84e-14 , 2.1e+36 , < 0.03 , YRQ , 7.419e-8±8.67e-9 , 1.699±0.122 , 4.791e-11±3.21e-12 , 498 , 2400±508 , 61 , - , - , - , - , -9.9±-9.9 , -9.9±-9.9 , Gamma , - , - , DMM , 1,
45 , J1231-1411 , 187.79708 , -14.1955 , 295.53 , 48.38 , 3.68 , 2.12e-20 , 5.1e+33 , 0.161 , MSP , 9.202e-8±3.85e-9 , 1.241±0.053 , 1.028e-10±2.58e-12 , 7931 , 2670±213 , 446 , 2.36e+33 , 5.08e+32 +5.94e+32 , 0.459 , 0.099 +0.115 , 0.241±0.002 , 0.408±0.002 , Radio , 0.438 , 0.052 +0.05 , DM , 3,
46 , J1357-6429 , 209.26 , -64.49169 , 309.92 , -2.52 , 166 , 3.57e-13 , 3.1e+36 , 0.44 , YRL , 7.763e-8±1.11e-8 , 1.803±0.384 , 3.388e-11±3.33e-12 , 187 , 908±543 , 20 , 2.53e+34 , 8.13e+33 +1.19e+34 , 0.008 , 0.003 +0.004 , 0.359±0.028 , -9.9±-9.9 , Radio , 2.5 , 0.53 +0.44 , DM , 1,
47 , J1410-6132 , 212.59167 , -61.53308 , 312.19 , -0.1 , 50 , 3.18e-14 , 1e+37 , 6.6 , YRL , 2.803e-8±2.62e-8 , 1.564±0.662 , 2.63e-11±1.03e-11 , 40 , 4260±3620 , 9 , 7.66e+35 , 3.57e+35 +8.99e+35 , 0.077 , 0.036 +0.09 , 0.959±0.023 , 0.458±0.037 , Radio , 15.6 , 7.4 +4.2 , DM , 2,
48 , J1413-6205 , 213.37583 , -62.0935 , 312.37 , -0.74 , 110 , 2.74e-14 , 8.2e+35 , < 0.024 , YRQ , 1.607e-7±1.33e-8 , 1.514±0.068 , 1.574e-10±6.36e-12 , 1795 , 4070±485 , 180 , - , - , - , - , -9.9±-9.9 , 0.372±0.003 , Gamma , - , - , DMM , 2,
49 , J1418-6058 , 214.67792 , -60.96669 , 313.32 , 0.13 , 111 , 1.69e-13 , 4.9e+36 , < 0.029 , YRQ , 3.819e-7±3.35e-8 , 1.765±0.05 , 3.017e-10±1.44e-11 , 3487 , 5490±538 , 172 , 9.24e+34 , 6.32e+34 +9.85e+34 , 0.019 , 0.013 +0.02 , -9.9±-9.9 , 0.467±0.003 , Gamma , 1.6 , ±0.7 , O , 2,
50 , J1420-6048 , 215.03417 , -60.80458 , 313.54 , 0.22 , 68.2 , 8.29e-14 , 1e+37 , 0.9 , YRL , 2.564e-7±3.1e-8 , 1.511±0.082 , 1.698e-10±1.37e-11 , 1220 , 1630±240 , 51 , 6.39e+35 , 1.79e+35 +2.24e+35 , 0.062 , 0.017 +0.022 , 0.196±0.011 , 0.312±0.015 , Radio , 5.61 , 0.91 +0.85 , DM , 2,
51 , J1429-5911 , 217.49375 , -59.1935 , 315.26 , 1.29 , 116 , 3.05e-14 , 7.7e+35 , < 0.021 , YRQ , 1.194e-7±1.07e-8 , 1.617±0.091 , 8.046e-11±4.11e-12 , 822 , 2180±313 , 124 , - , - , - , - , -9.9±-9.9 , 0.479±0.004 , Gamma , - , - , DMM , 2,
52 , J1446-4701 , 221.64875 , -47.02408 , 322.5 , 11.42 , 2.19 , 9.85e-21 , 3.7e+34 , 0.37 , MSP , 7.28e-9±3.08e-9 , 1.366±0.41 , 7.43e-12±1.43e-12 , 71 , 2990±1670 , 9 , 1.89e+33 , 5.28e+32 +6.44e+32 , 0.052 , 0.014 +0.018 , 0.319±0.021 , -9.9±-9.9 , Radio , 1.46 , 0.23 +0.22 , DM , 1,
53 , J1459-6053 , 224.87542 , -60.88878 , 317.88 , -1.8 , 103 , 2.53e-14 , 9.1e+35 , < 0.037 , YRQ , 2.422e-7±1.28e-8 , 1.969±0.063 , 1.292e-10±4.32e-12 , 2046 , 2920±458 , 103 , - , - , - , - , -9.9±-9.9 , 0.063±0.034 , Gamma , - , - , DMM , 1,
54 , J1509-5850 , 227.36292 , -58.84889 , 319.97 , -0.63 , 88.9 , 9.17e-15 , 5.2e+35 , 0.15 , YRL , 1.994e-7±2.12e-8 , 1.901±0.088 , 1.273e-10±7.33e-12 , 1152 , 4590±920 , 67 , 1.05e+35 , 3.55e+34 +4.09e+34 , 0.203 , 0.069 +0.079 , 0.271±0.011 , 0.264±0.013 , Radio , 2.62 , 0.47 +0.49 , DM , 2,
55 , J1513-5908 , 228.48167 , -59.13578 , 320.32 , -1.17 , 152 , 1.53e-12 , 1.7e+37 , 0.94 , YRL , 1.041e-7±2.2e-8 , 1.569±0.38 , 3.243e-11±6.53e-12 , 98 , 227±73.5 , 5 , 6.88e+34 , 1.9e+34 +2.17e+34 , 0.004 , ±0.001 , 0.325±0.055 , -9.9±-9.9 , Xrays , 4.21 , 0.62 +0.63 , DM , 1,
56 , J1514-4946 , 228.57958 , -49.771 , 325.24 , 6.8 , 3.59 , 1.87e-20 , 1.6e+34 , < 0 , MSP , 4.154e-8±5.61e-9 , 1.528±0.109 , 4.5e-11±2.79e-12 , 999 , 5330±1080 , 66 , 4.76e+33 , 1.14e+33 +1.18e+33 , 0.297 , 0.071 +0.074 , 0.214±0.009 , 0.392±0.018 , Radio , 0.94 , 0.11 +0.12 , DM , 2,
57 , J1531-5610 , 232.86625 , -56.182 , 323.89 , 0.03 , 84.2 , 1.38e-14 , 9.1e+35 , 0.6 , YRL , 9.6e-10±2.9e-10 , 0±0 , 1.94e-12±1.19e-12 , 2 , 1170±550 , 2 , 1.01e+33 , 2.95e+32 +3.91e+32 , 0.001 , - , 0.413±0.035 , -9.9±-9.9 , Radio , 2.09 , 0.37 +0.33 , DM , 1,
58 , J1600-3053 , 240.21625 , -30.897 , 344.09 , 16.45 , 3.6 , 9.5e-21 , 7.3e+33 , 2.5 , MSP , 2.23e-9±1.57e-9 , 0.402±0.466 , 5.3e-12±2.79e-12 , 147 , 2050±677 , 26 , 1.68e+33 , 5.12e+32 +7.02e+32 , 0.231 , 0.07 +0.096 , 0.147±0.011 , -9.9±-9.9 , Radio , 1.63 , 0.31 +0.27 , DM , 1,
59 , J1614-2230 , 243.65208 , -22.50869 , 352.63 , 20.19 , 3.15 , 9.62e-21 , 3.8e+33 , 1.2 , MSP , 1.986e-8±3.74e-9 , 0.961±0.22 , 2.436e-11±1.97e-12 , 599 , 1860±358 , 81 , 1.23e+33 , 1.82e+32 +1.97e+32 , 0.326 , 0.048 +0.052 , 0.201±0.005 , 0.51±0.005 , Radio , 0.65 , ±0.05 , P , 2,
60 , J1620-4927 , 245.17333 , -49.46 , 333.88 , 0.4 , 172 , 1.05e-14 , 8.2e+34 , < 0.04 , YRQ , 1.554e-7±1.68e-8 , 1.297±0.096 , 1.567e-10±7.85e-12 , 1407 , 2500±278 , 199 , - , - , - , - , -9.9±-9.9 , 0.231±0.03 , Gamma , - , - , DMM , 2,
61 , J1648-4611 , 252.09167 , -46.18778 , 339.43 , -0.8 , 165 , 2.37e-14 , 2.1e+35 , 0.58 , YRL , 5.251e-8±1.6e-8 , 1.585±0.271 , 5.436e-11±7.92e-12 , 176 , 5830±3890 , 17 , 1.6e+35 , 4.14e+34 +4.54e+34 , 0.766 , 0.198 +0.218 , 0.261±0.01 , 0.298±0.082 , Radio , 4.96 , 0.66 +0.69 , DM , 2,
62 , J1658-5324 , 254.66375 , -53.40189 , 334.86 , -6.63 , 2.44 , 1.1e-20 , 3e+34 , 0.5 , MSP , 5.711e-8±7.21e-9 , 1.768±0.182 , 2.893e-11±2.28e-12 , 327 , 1370±376 , 34 , 2.99e+33 , 7.79e+32 +7.5e+32 , 0.099 , 0.026 +0.025 , 0.359±0.014 , -9.9±-9.9 , Radio , 0.93 , 0.11 +0.13 , DM , 1,
63 , J1702-4128 , 255.71875 , -41.48008 , 344.74 , 0.12 , 182 , 5.23e-14 , 3.4e+35 , 1.1 , YRL , 4.44e-8±5.24e-8 , 1.07±0.87 , 2.84e-11±2.65e-11 , 62 , 756±481 , 7 , 7.67e+34 , 1.7e+34 +1.81e+34 , 0.224 , 0.05 +0.053 , 0.397±0.038 , -9.9±-9.9 , Radio , 4.75 , 0.53 +0.56 , DM , 1,
64 , J1709-4429 , 257.41917 , -44.46519 , 343.11 , -2.67 , 102 , 9.28e-14 , 3.4e+36 , 7.3 , YRL , 0.000001597±1.36e-8 , 1.64±0.01 , 1.347e-9±8.7e-12 , 96893 , 4190±114 , 3433 , 8.53e+35 , 1.82e+35 +2.04e+35 , 0.251 , 0.053 +0.06 , 0.239±0.001 , 0.244±0.002 , Radio , 2.3 , ±0.26 , DM , 2,
65 , J1713+0747 , 258.45625 , 7.79369 , 28.74 , 25.22 , 4.57 , 8.53e-21 , 3.4e+33 , 10.2 , MSP , 1.331e-8±3.71e-9 , 1.572±0.289 , 1.017e-11±1.45e-12 , 126 , 2670±1220 , 17 , 1.34e+33 , 1.25e+32 +1.58e+32 , 0.39 , 0.036 +0.046 , 0.319±0.049 , -9.9±-9.9 , Radio , 1.05 , 0.06 +0.05 , P , 1,
66 , J1718-3825 , 259.55625 , -38.42169 , 348.95 , -0.44 , 74.7 , 1.32e-14 , 1.2e+36 , 1.3 , YRL , 1.449e-7±1.17e-8 , 1.512±0.054 , 8.887e-11±4.84e-12 , 462 , 1360±80.5 , 81 , 1.38e+35 , 3.16e+34 +3.23e+34 , 0.11 , 0.025 +0.026 , 0.397±0.009 , -9.9±-9.9 , Radio , 3.6 , 0.4 +0.44 , DM , 1,
67 , J1730-3350 , 262.63458 , -33.84089 , 354.13 , 0.09 , 139 , 8.48e-14 , 1.2e+36 , 3.2 , YRL , 3.44e-8±8e-10 , 1.45±0.25 , 2.36e-11±3.9e-12 , 100 , 1230±280 , 21 , 3.56e+34 , 9.15e+33 +8.92e+33 , 0.029 , ±0.007 , 0.128±0.007 , 0.419±0.007 , Radio , 3.55 , 0.42 +0.49 , DM , 2,
68 , J1732-3131 , 263.13958 , -31.52278 , 356.3 , 1 , 197 , 2.8e-14 , 1.5e+35 , < 0.015 , YRQ , 1.672e-7±1.04e-8 , 1.017±0.061 , 1.942e-10±5.73e-12 , 2821 , 1880±100 , 550 , 8.62e+33 , 1.94e+33 +2.09e+33 , 0.059 , 0.013 +0.014 , -9.9±-9.9 , 0.419±0.002 , Gamma , 0.609 , 0.07 +0.073 , DM , 2,
69 , J1741-2054 , 265.48792 , -20.90358 , 6.42 , 4.9 , 414 , 1.7e-14 , 9.5e+33 , 0.16 , YRL , 1.66e-7±9.42e-9 , 1.093±0.092 , 1.165e-10±3.55e-12 , 3014 , 918±72.9 , 464 , 2.06e+33 , 2.49e+32 +2.65e+32 , 0.217 , 0.026 +0.028 , 0.074±0.006 , 0.244±0.011 , Gamma , 0.384 , ±0.024 , DM , 2,
70 , J1741+1351 , 265.37958 , 13.86228 , 37.88 , 21.64 , 3.75 , 3.02e-20 , 2.2e+34 , 0.93 , MSP , 1.18e-9±4.3e-10 , 0±0.005 , 2.41e-12±8.1e-13 , 23 , 1180±314 , 7 , 3.36e+32 , 3.04e+31 +2.54e+31 , 0.015 , ±0.001 , 0.73±0.006 , -9.9±-9.9 , Radio , 1.08 , 0.04 +0.05 , P , 1,
71 , J1744-1134 , 266.1225 , -11.58189 , 14.79 , 9.17 , 4.07 , 8.92e-21 , 4.1e+33 , 3.1 , MSP , 4.573e-8±6.51e-9 , 1.262±0.224 , 3.25e-11±2.49e-12 , 394 , 1200±297 , 65 , 6.76e+32 , 5.4e+31 +5.96e+31 , 0.165 , 0.013 +0.015 , 0.189±0.007 , 0.808±0.022 , Radio , 0.417 , 0.018 +0.017 , P , 2,
72 , J1746-3239 , 266.72875 , -32.66039 , 356.96 , -2.18 , 200 , 6.56e-15 , 3.3e+34 , < 0.034 , YRQ , 1.013e-7±1.19e-8 , 1.375±0.113 , 7.231e-11±4.63e-12 , 654 , 1480±171 , 109 , - , - , - , - , -9.9±-9.9 , 0.179±0.019 , Gamma , - , - , DMM , 2,
73 , J1747-2958 , 266.81583 , -29.96689 , 359.3 , -0.85 , 98.8 , 6.13e-14 , 2.5e+36 , 0.25 , YRL , 3.341e-7±2.43e-8 , 1.631±0.054 , 2.111e-10±9.59e-12 , 1689 , 1900±150 , 211 , 5.7e+35 , 1.66e+35 +1.94e+35 , 0.227 , 0.066 +0.077 , 0.181±0.003 , 0.392±0.005 , Radio , 4.75 , ±0.75 , X , 2,
74 , J1747-4036 , 266.95292 , -40.61519 , 350.2 , -6.42 , 1.65 , 1.33e-20 , 1.2e+35 , 1.22 , MSP , 1.507e-8±6.48e-9 , 1.913±0.291 , 9.91e-12±2.28e-12 , 43 , 5430±3260 , 4 , 1.36e+34 , 5.42e+33 +7.39e+33 , 0.117 , 0.047 +0.063 , 0.031±0.021 , 0.681±0.033 , Radio , 3.39 , 0.82 +0.76 , DM , 2,
75 , J1801-2451 , 270.24958 , -24.8685 , 5.24 , -0.89 , 125 , 1.27e-13 , 2.6e+36 , 0.85 , YRL , 1.41e-8±1.01e-8 , 1.49±0.54 , 1.2e-11±4.6e-12 , 58 , 2780±1760 , 10 , 3.91e+34 , 7.27e+33 +9.34e+33 , 0.015 , 0.003 +0.004 , 0.06±0.005 , 0.496±0.02 , Radio , 5.22 , 0.59 +0.51 , DM , 2,
76 , J1803-2149 , 270.79 , -21.8205 , 8.14 , 0.18 , 106 , 1.95e-14 , 6.4e+35 , < 0.024 , YRQ , 1.11e-7±1.9e-8 , 1.602±0.13 , 9.236e-11±8.25e-12 , 410 , 3580±838 , 40 , - , - , - , - , -9.9±-9.9 , 0.394±0.009 , Gamma , - , - , DMM , 2,
77 , J1809-2332 , 272.45917 , -23.53428 , 7.39 , -2 , 147 , 3.44e-14 , 4.3e+35 , < 0.025 , YRQ , 5.986e-7±1.88e-8 , 1.622±0.032 , 4.739e-10±7.76e-12 , 15781 , 3350±198 , 901 , 1.64e+35 , 1.36e+35 +2.5e+35 , 0.382 , 0.317 +0.581 , -9.9±-9.9 , 0.358±0.002 , Gamma , 1.7 , ±1 , K , 2,
78 , J1810+1744 , 272.655 , 17.74369 , 44.64 , 16.8 , 1.66 , 4.63e-21 , 4e+34 , 1.89 , MSP , 4.178e-8±5.02e-9 , 1.936±0.139 , 2.343e-11±1.72e-12 , 442 , 3160±1070 , 23 , 1.12e+34 , 2.92e+33 +3.75e+33 , 0.282 , 0.073 +0.094 , 0.894±0.018 , 0.276±0.026 , Radio , 2 , 0.31 +0.28 , DM , 2,
79 , J1813-1246 , 273.34875 , -12.76689 , 17.24 , 2.44 , 48.1 , 1.76e-14 , 6.2e+36 , < 0.017 , YRQ , 4.549e-7±1.72e-8 , 1.887±0.045 , 2.527e-10±5.96e-12 , 4664 , 2580±260 , 272 , - , - , - , - , -9.9±-9.9 , 0.489±0.01 , Gamma , - , - , DMM , 2,
80 , J1823-3021A , 275.91833 , -30.36108 , 2.78 , -7.92 , 5.44 , 3.38e-18 , 8.3e+35 , 0.72 , MSP , 1.49e-8±3.9e-9 , 1.62±0.2 , 1.07e-11±1.5e-12 , 64 , 2540±596 , -5 , 7.4e+34 , 7.58e+33 +7.99e+33 , 0.089 , 0.009 +0.01 , 0.993±0.009 , 0.627±0.01 , Radio , 7.6 , ±0.4 , O , 2,
81 , J1826-1256 , 276.53542 , -12.94278 , 18.55 , -0.38 , 110 , 1.21e-13 , 3.6e+36 , < 0.013 , YRQ , 5.427e-7±2.37e-8 , 1.572±0.048 , 3.827e-10±9.36e-12 , 5160 , 2190±166 , 533 , - , - , - , - , -9.9±-9.9 , 0.48±0.001 , Gamma , - , - , DMM , 2,
82 , J1833-1034 , 278.38958 , -10.56878 , 21.5 , -0.89 , 61.9 , 2.02e-13 , 3.4e+37 , 0.071 , YRL , 7.03e-8±1.08e-8 , 0.866±0.216 , 5.892e-11±4.99e-12 , 258 , 921±165 , 78 , 1.56e+35 , 2.54e+34 +2.76e+34 , 0.005 , ±0.001 , 0.153±0.002 , 0.447±0.004 , Radio , 4.7 , ±0.4 , K , 2,
83 , J1835-1106 , 278.82667 , -11.10369 , 21.22 , -1.52 , 166 , 2.06e-14 , 1.8e+35 , 2.2 , YRL , 3.65e-9±5.7e-10 , 0.001±0.032 , 6.05e-12±2.03e-12 , 30 , 935±210 , 18 , 5.8e+33 , 1.63e+33 +1.76e+33 , 0.033 , 0.009 +0.01 , 0.139±0.006 , 0.421±0.011 , Radio , 2.83 , 0.4 +0.43 , DM , 2,
84 , J1836+5925 , 279.05708 , 59.42489 , 88.87 , 25 , 173 , 1.5e-15 , 1.1e+34 , < 0.004 , YRQ , 6.299e-7±5.17e-9 , 1.24±0.013 , 6.057e-10±4.14e-12 , 142427 , 2040±44 , 5747 , 2.04e+34 , 1.55e+34 +2.6e+34 , 1.785 , 1.355 +2.282 , -9.9±-9.9 , 0.537±0.006 , Gamma , 0.53 , ±0.27 , X , 2,
85 , J1838-0537 , 279.73333 , -5.61928 , 26.5 , 0.2 , 146 , 4.65e-13 , 5.9e+36 , < 0.017 , YRQ , 2.235e-7±2.07e-8 , 1.64±0.057 , 1.876e-10±9.49e-12 , 1325 , 4140±406 , 114 , - , - , - , - , -9.9±-9.9 , 0.298±0.014 , Gamma , - , - , DMM , 2,
86 , J1846+0919 , 281.6075 , 9.32939 , 40.69 , 5.34 , 226 , 9.93e-15 , 3.4e+34 , < 0.005 , YRQ , 1.353e-8±3.1e-9 , 0.735±0.299 , 2.432e-11±2.14e-12 , 428 , 2240±549 , 79 , - , - , - , - , -9.9±-9.9 , 0.244±0.022 , Gamma , - , - , DMM , 2,
87 , J1858-2216 , 284.57417 , -22.28228 , 13.58 , -11.4 , 2.38 , 3.87e-21 , 1.1e+34 , < 0 , MSP , 5.51e-9±2.81e-9 , 0.836±0.739 , 7.23e-12±1.49e-12 , 75 , 1700±1090 , 17 , 7.64e+32 , 1.97e+32 +3.6e+32 , 0.068 , 0.017 +0.032 , 0.727±0.011 , -9.9±-9.9 , Radio , 0.94 , 0.2 +0.13 , DM , 1,
88 , J1902-5105 , 285.51167 , -51.09919 , 345.65 , -22.38 , 1.74 , 9e-21 , 6.9e+34 , 0.9 , MSP , 3.074e-8±3.44e-9 , 1.735±0.131 , 2.157e-11±1.47e-12 , 536 , 3420±1060 , 31 , 3.59e+33 , 1.16e+33 +1.47e+33 , 0.052 , 0.017 +0.021 , 0.994±0.006 , 0.663±0.008 , Radio , 1.18 , 0.22 +0.21 , DM , 2,
89 , J1907+0602 , 286.97792 , 6.038 , 40.18 , -0.9 , 107 , 8.67e-14 , 2.8e+36 , 0.003 , YRQ , 3.374e-7±1.43e-8 , 1.615±0.045 , 2.544e-10±6.23e-12 , 3773 , 2890±252 , 390 , 3.14e+35 , 6.12e+34 +6.35e+34 , 0.111 , ±0.022 , 0.209±0.003 , 0.389±0.004 , Gamma , 3.21 , 0.31 +0.33 , DM , 2,
90 , J1939+2134 , 294.91042 , 21.58308 , 57.5 , -0.29 , 1.56 , 1.05e-19 , 1.1e+36 , 13.2 , MSP , 1.514e-8±8.17e-9 , 1.843±0.407 , 9.18e-12±3.32e-12 , 10 , 3020±2790 , 4 , 1.39e+34 , 2.6e+33 +2.87e+33 , 0.013 , 0.002 +0.003 , 0.997±0.004 , 0.542±0.009 , Radio , 3.56 , ±0.35 , DM , 2,
91 , J1952+3252 , 298.24208 , 32.87808 , 68.76 , 2.82 , 39.5 , 5.83e-15 , 3.7e+36 , 1 , YRL , 1.739e-7±7.5e-9 , 1.51±0.053 , 1.381e-10±3.43e-12 , 4469 , 2490±228 , 365 , 6.61e+34 , 2.89e+34 +3.72e+34 , 0.018 , 0.008 +0.01 , 0.161±0.002 , 0.478±0.003 , Radio , 2 , ±0.5 , K , 3,
92 , J1954+2836 , 298.57958 , 28.60139 , 65.24 , 0.37 , 92.7 , 2.12e-14 , 1e+36 , < 0.005 , YRQ , 1.288e-7±9.57e-9 , 1.602±0.07 , 1.035e-10±4.16e-12 , 1592 , 3280±420 , 168 , - , - , - , - , -9.9±-9.9 , 0.456±0.004 , Gamma , - , - , DMM , 2,
93 , J1957+5033 , 299.44458 , 50.56178 , 84.6 , 10.99 , 375 , 6.83e-15 , 5.1e+33 , < 0.01 , YRQ , 4.044e-8±3.87e-9 , 1.289±0.157 , 2.621e-11±1.42e-12 , 846 , 1050±171 , 105 , - , - , - , - , -9.9±-9.9 , -9.9±-9.9 , Gamma , - , - , DMM , 1,
94 , J1958+2846 , 299.66667 , 28.76478 , 65.87 , -0.36 , 290 , 2.12e-13 , 3.4e+35 , < 0.006 , YRQ , 1.083e-7±9.1e-9 , 1.352±0.106 , 9.144e-11±4.05e-12 , 1519 , 2000±301 , 206 , - , - , - , - , -9.9±-9.9 , 0.454±0.004 , Gamma , - , - , DMM , 2,
95 , J1959+2048 , 299.90292 , 20.80408 , 59.19 , -4.7 , 1.61 , 1.68e-20 , 7.6e+34 , 0.4 , MSP , 2.373e-8±4.94e-9 , 1.356±0.253 , 1.696e-11±1.87e-12 , 185 , 1430±393 , 43 , 1.26e+34 , 4.46e+33 +1.67e+33 , 0.165 , 0.058 +0.022 , 0.997±0.005 , 0.554±0.013 , Radio , 2.49 , 0.16 +0.49 , DM , 2,
96 , J2017+0603 , 304.34458 , 6.0515 , 48.62 , -16.03 , 2.9 , 8.3e-21 , 1.3e+34 , 0.5 , MSP , 1.986e-8±3.12e-9 , 1.039±0.165 , 3.331e-11±2.12e-12 , 1196 , 3390±626 , 100 , 9.82e+33 , 1.79e+33 +2.1e+33 , 0.755 , 0.137 +0.162 , 0.212±0.01 , 0.292±0.015 , Radio , 1.57 , 0.16 +0.15 , DM , 2,
97 , J2021+3651 , 305.27375 , 36.851 , 75.22 , 0.11 , 104 , 9.56e-14 , 3.4e+36 , 0.1 , YRL , 6.85e-7±1.88e-8 , 1.663±0.028 , 4.943e-10±7.53e-12 , 17821 , 2960±156 , 998 , 5.91e+36 , 3.78e+36 +2.6e+36 , 1.75 , 1.12 +0.77 , 0.132±0.001 , 0.478±0.001 , Radio , 10 , 2 +4 , O , 2,
98 , J2021+4026 , 305.37333 , 40.4485 , 78.22 , 2.09 , 265 , 5.42e-14 , 1.1e+35 , < 0.02 , YRQ , 0.000001379±1.97e-8 , 1.652±0.017 , 9.553e-10±8.81e-12 , 53955 , 2570±85.5 , 2343 , 2.57e+35 , 1.31e+35 +1.77e+35 , 2.246 , 1.146 +1.55 , -9.9±-9.9 , 0.687±0.009 , Gamma , 1.5 , ±0.45 , K , 2,
99 , J2028+3332 , 307.0825 , 33.5345 , 73.36 , -3.01 , 177 , 4.86e-15 , 3.5e+34 , < 0.005 , YRQ , 5.812e-8±9.05e-9 , 1.167±0.162 , 5.838e-11±3.89e-12 , 1058 , 1920±287 , 161 , - , - , - , - , -9.9±-9.9 , 0.451±0.003 , Gamma , - , - , DMM , 2,
100 , J2030+3641 , 307.50083 , 36.69089 , 76.12 , -1.44 , 200 , 6.51e-15 , 3.2e+34 , 0.15 , YRL , 2.251e-8±5.89e-9 , 0.672±0.377 , 3.141e-11±3.28e-12 , 313 , 1480±405 , 91 , 3.38e+34 , 1.88e+34 +2.63e+34 , 1.056 , 0.587 +0.822 , 0.269±0.01 , 0.309±0.014 , Radio , 3 , ±1 , O , 2,
101 , J2030+4415 , 307.71375 , 44.26069 , 82.34 , 2.88 , 227 , 6.49e-15 , 2.2e+34 , < 0.008 , YRQ , 9.317e-8±9.83e-9 , 1.599±0.14 , 5.762e-11±3.55e-12 , 504 , 1670±348 , 74 , - , - , - , - , -9.9±-9.9 , 0.505±0.007 , Gamma , - , - , DMM , 2,
102 , J2032+4127 , 308.05458 , 41.45678 , 80.22 , 1.02 , 143 , 2.04e-14 , 2.7e+35 , 0.23 , YRL , 7.373e-8±1.15e-8 , 1.135±0.143 , 1.059e-10±6.22e-12 , 1383 , 3240±483 , 162 , 1.69e+35 , 5.09e+34 +6.11e+34 , 0.617 , 0.186 +0.223 , 0.099±0.001 , 0.516±0.001 , Gamma , 3.65 , 0.61 +0.6 , DM , 2,
103 , J2043+1711 , 310.83667 , 17.19139 , 61.91 , -15.32 , 2.38 , 5.7e-21 , 1.3e+34 , 0.169 , MSP , 2.726e-8±3.07e-9 , 1.43±0.12 , 2.703e-11±1.59e-12 , 918 , 3310±661 , 65 , 1e+34 , 3.31e+33 +1.78e+33 , 0.792 , 0.262 +0.141 , 0.231±0.008 , 0.446±0.01 , Radio , 1.76 , 0.15 +0.32 , DM , 2,
104 , J2043+2740 , 310.93125 , 27.68208 , 70.61 , -9.15 , 96.1 , 1.23e-15 , 5.5e+34 , 9.35 , YRL , 1.547e-8±3.91e-9 , 1.396±0.39 , 9.87e-12±1.44e-12 , 97 , 1200±573 , 18 , 3.83e+33 , 1.34e+33 +1.63e+33 , 0.07 , 0.025 +0.03 , 0.132±0.007 , 0.432±0.01 , Radio , 1.8 , ±0.35 , DM , 2,
105 , J2047+1053 , 311.7925 , 10.8855 , 57.04 , -19.68 , 4.29 , 2.1e-20 , 1e+34 , < 0 , MSP , 8.26e-9±3.61e-9 , 1.468±0.436 , 6.17e-12±1.38e-12 , 69 , 1970±1080 , 11 , 3.1e+33 , 8.16e+32 +1.04e+33 , 0.294 , 0.077 +0.099 , 0.567±0.01 , -9.9±-9.9 , Radio , 2.05 , 0.32 +0.29 , DM , 1,
106 , J2051-0827 , 312.78125 , -8.4605 , 39.19 , -30.42 , 4.51 , 1.28e-20 , 5.4e+33 , 2.8 , MSP , 2.36e-9±1.33e-9 , 0.5±0.76 , 3.38e-12±1.03e-12 , 68 , 1260±631 , 15 , 4.37e+32 , 1.17e+32 +1.45e+32 , 0.081 , 0.022 +0.027 , 0.545±0.042 , -9.9±-9.9 , Radio , 1.04 , 0.16 +0.15 , DM , 1,
107 , J2055+2539 , 313.95375 , 25.66658 , 70.68 , -12.52 , 320 , 4.11e-15 , 5e+33 , < 0.007 , YRQ , 6.196e-8±3.65e-9 , 0.972±0.1 , 5.383e-11±1.77e-12 , 2751 , 1120±105 , 361 , - , - , - , - , -9.9±-9.9 , 0.113±0.017 , Gamma , - , - , DMM , 2,
108 , J2111+4606 , 317.85 , 46.10869 , 88.31 , -1.45 , 158 , 1.43e-13 , 1.4e+36 , < 0.013 , YRQ , 5.265e-8±6.59e-9 , 1.689±0.108 , 4.408e-11±2.81e-12 , 731 , 4870±1150 , 45 , - , - , - , - , -9.9±-9.9 , 0.337±0.011 , Gamma , - , - , DMM , 2,
109 , J2124-3358 , 321.1825 , -33.97908 , 10.92 , -45.44 , 4.93 , 2.06e-20 , 3.7e+33 , 3.6 , MSP , 2.731e-8±2.29e-9 , 0.779±0.129 , 3.677e-11±1.59e-12 , 1993 , 1630±191 , 237 , 3.96e+32 , 1.21e+32 +2.06e+32 , 0.108 , 0.033 +0.056 , 0.871±0.009 , -9.9±-9.9 , Radio , 0.3 , 0.07 +0.05 , P , 1,
110 , J2139+4716 , 324.98292 , 47.27028 , 92.63 , -4.02 , 283 , 1.8e-15 , 3.2e+33 , < 0.014 , YRQ , 3.14e-8±4.72e-9 , 1.251±0.213 , 2.338e-11±1.8e-12 , 369 , 1290±278 , 71 , - , - , - , - , -9.9±-9.9 , -9.9±-9.9 , Gamma , - , - , DMM , 1,
111 , J2214+3000 , 333.66167 , 30.01058 , 86.85 , -21.67 , 3.12 , 1.5e-20 , 1.9e+34 , 0.846 , MSP , 2.955e-8±2.48e-9 , 1.158±0.111 , 3.275e-11±1.5e-12 , 1689 , 2240±325 , 146 , 9.29e+33 , 2.05e+33 +2.44e+33 , 0.484 , 0.106 +0.127 , 0.271±0.01 , 0.546±0.018 , Radio , 1.54 , 0.19 +0.18 , DM , 2,
112 , J2215+5135 , 333.88583 , 51.59339 , 99.86 , -4.16 , 2.61 , 2.34e-20 , 5.2e+34 , 0.474 , MSP , 1.029e-8±2.91e-9 , 1.323±0.251 , 1.179e-11±1.43e-12 , 183 , 3360±1050 , 25 , 1.28e+34 , 2.95e+33 +2.96e+33 , 0.246 , ±0.057 , 0.257±0.004 , 0.44±0.008 , Radio , 3.01 , 0.33 +0.37 , DM , 2,
113 , J2229+6114 , 337.27375 , 61.2345 , 106.64 , 2.94 , 51.6 , 7.79e-14 , 2.2e+37 , 0.25 , YRL , 3.792e-7±8.38e-9 , 1.842±0.024 , 2.533e-10±3.8e-12 , 12101 , 4260±307 , 424 , 1.94e+34 , 8.48e+33 +7.95e+33 , 0.001 , - , 0.187±0.007 , 0.299±0.008 , Radio , 0.8 , 0.15 +0.2 , K , 2,
114 , J2238+5903 , 339.61708 , 59.06239 , 106.56 , 0.48 , 163 , 9.7e-14 , 8.9e+35 , < 0.011 , YRQ , 9.32e-8±8.87e-9 , 1.575±0.099 , 6.421e-11±3.49e-12 , 1165 , 2080±325 , 123 , - , - , - , - , -9.9±-9.9 , 0.502±0.002 , Gamma , - , - , DMM , 2,
115 , J2241-5236 , 340.425 , -52.61008 , 337.45 , -54.93 , 2.19 , 8.7e-21 , 2.6e+34 , 4.1 , MSP , 3.005e-8±2.47e-9 , 1.307±0.102 , 3.331e-11±1.58e-12 , 2150 , 3050±509 , 115 , 1.05e+33 , 2.88e+32 +3.53e+32 , 0.04 , 0.011 +0.014 , 0.139±0.004 , 0.638±0.031 , Radio , 0.513 , 0.08 +0.076 , DM , 3,
116 , J2240+5832 , 340.17875 , 58.54378 , 106.56 , -0.11 , 140 , 1.52e-14 , 2.2e+35 , 2.7 , YRL , 1.108e-8±7.36e-9 , 1.455±0.514 , 1.083e-11±3.16e-12 , 54 , 3430±2200 , 11 , 7.68e+34 , 1.33e+34 +1.46e+34 , 0.35 , 0.061 +0.067 , 0.118±0.014 , 0.476±0.014 , Radio , 7.7 , ±0.7 , O , 2,
117 , J2302+4442 , 345.69542 , 44.70608 , 103.39 , -14.01 , 5.19 , 1.33e-20 , 3.8e+33 , 1.2 , MSP , 2.638e-8±2.33e-9 , 0.937±0.122 , 3.668e-11±1.69e-12 , 1716 , 2150±291 , 189 , 6.21e+33 , 2.17e+33 +9.76e+32 , 1.626 , 0.568 +0.255 , 0.244±0.003 , 0.346±0.006 , Radio , 1.19 , 0.09 +0.23 , DM , 2,
