_id ,plotkin10_name , RA, Dec, LII , BII , Redshift , SDSSclassification , RMAG , RadioFluxDensityat1.4GHz, other_name
 1 , "SDSS J000257.17-002447.3" , 0.73792 , -0.41314 , "97.39" , "-60.86" , 0.522 , "H " , 19.9 , 159.13 ,,
 2 , "SDSS J001736.90+145101.9" , 4.40375 , 14.85053 , "110.85" , "-47.23" , 0.303 , "H " , 17.9 , 58.74 ,,
 3 , "SDSS J001741.84-105613.2" , 4.42417 , -10.93703 , "95.2" , "-71.97" , 1.806 , "L " , 18.8 , 1.78 ,,
 4 , "SDSS J002142.25-090044.4" , 5.42583 , -9.01233 , "100.34" , "-70.57" , 0.648 , "H " , 19.3 , 41.96 ,,
 5 , "SDSS J002200.95+000657.9" , 5.50375 , 0.11608 , "107.18" , "-61.86" , 0.306 , "H " , 19.3 , 1.73 ,,
 6 , "SDSS J002401.28+160233.8" , 6.005 , 16.04275 , "113.37" , "-46.32" , -1 , "H " , 18.9 , 57.16 ,,
 7 , "SDSS J003514.72+151504.1" , 8.81125 , 15.25114 , "117.15" , "-47.44" , 0.76 , "H " , 16.6 , 17.48 ,,
 8 , "SDSS J003808.50+001336.5" , 9.53542 , 0.22681 , "115.72" , "-62.46" , -1 , "H " , 19.3 , 89.71 ,,
 9 , "SDSS J004054.65-091526.8" , 10.2275 , -9.25744 , "114.51" , "-71.96" , 4.976 , "H " , 20.5 , 1.02 ,,
 10 , "SDSS J005041.30-092905.1" , 12.67208 , -9.48475 , "122.32" , "-72.36" , -1 , "H " , 16 , 893.68 ,,
 11 , "SDSS J005620.07-093629.7" , 14.08333 , -9.60825 , "126.93" , "-72.45" , 0.103 , "H " , 17 , 99.35 ,,
 12 , "SDSS J005713.01+004205.9" , 14.30417 , 0.70164 , "126.02" , "-62.14" , 1.538 , "H " , 19.1 , 0.92 ,,
 13 , "SDSS J010058.18-005547.7" , 15.24208 , -0.92992 , "128.31" , "-63.71" , 0.668 , "H " , 19.2 , 31.81 ,,
 14 , "SDSS J011452.77+132537.5" , 18.71958 , 13.42708 , "131.64" , "-49.05" , -1 , "H " , 17 , 63.44 ,,
 15 , "SDSS J012227.38+151023.0" , 20.61375 , 15.17306 , "133.94" , "-47.04" , -1 , "H " , 19.5 , 38.03 ,,
 16 , "SDSS J012716.31-082128.8" , 21.81792 , -8.35803 , "148.9" , "-69.41" , -1 , "H " , 19.1 , 172.23 ,,
 17 , "SDSS J014125.83-092843.7" , 25.3575 , -9.47881 , "159.04" , "-68.77" , 0.501 , "H " , 17.2 , 517.78 ,,
 18 , "SDSS J020106.17+003400.2" , 30.27542 , 0.56672 , "156.92" , "-57.64" , 0.298 , "H " , 18.2 , 13.93 ,,
 19 , "SDSS J022039.67-004048.0" , 35.165 , -0.68 , "165.63" , "-55.97" , -1 , "H " , 20 , 0.94 ,,
 20 , "SDSS J022040.94-010410.8" , 35.17042 , -1.06967 , "166.06" , "-56.28" , 0.35 , "H " , 19.9 , 24.13 ,,
 21 , "SDSS J022048.46-084250.3" , 35.20167 , -8.71397 , "176.03" , "-61.98" , 0.525 , "H " , 18.3 , 57.35 ,,
 22 , "SDSS J022509.75+001456.1" , 36.29042 , 0.24892 , "166.21" , "-54.55" , -1 , "H " , 19.6 , 3.19 ,,
 23 , "SDSS J023813.67-092431.4" , 39.55667 , -9.40869 , "182.88" , "-59.2" , 0.419 , "H " , 19.6 , 3.03 ,,
 24 , "SDSS J024157.36+000944.1" , 40.48875 , 0.16225 , "171.69" , "-51.93" , -1 , "H " , 20.6 , 0.67 ,,
 25 , "SDSS J024302.93+004627.3" , 40.76208 , 0.77425 , "171.36" , "-51.29" , 0.41 , "H " , 19.5 , 31.38 ,,
 26 , "SDSS J024540.77+004747.2" , 41.41958 , 0.79644 , "172.11" , "-50.83" , 1.701 , "L " , 20 , 0.93 ,,
 27 , "SDSS J024716.82+001638.4" , 41.82 , 0.27733 , "173.14" , "-50.94" , 0.553 , "H " , 20 , 0.77 ,,
 28 , "SDSS J025716.22-001433.5" , 44.3175 , -0.24264 , "176.49" , "-49.57" , 1.919 , "L " , 19.5 , 0.78 ,,
 29 , "SDSS J025743.73+011144.5" , 44.43208 , 1.19569 , "175.06" , "-48.47" , 1.712 , "L " , 18.9 , 1 ,,
 30 , "SDSS J030235.78-075026.9" , 45.64875 , -7.84081 , "187.21" , "-53.46" , -1 , "H " , 20.3 , 5.6 ,,
 31 , "SDSS J030433.95-005404.6" , 46.14125 , -0.90128 , "179.14" , "-48.69" , 0.511 , "H " , 18.8 , 23.28 ,,
 32 , "SDSS J031127.79-072736.6" , 47.86542 , -7.46017 , "188.8" , "-51.45" , 0.932 , "H " , 19.1 , -1 ,,
 33 , "SDSS J031712.23-075850.3" , 49.30083 , -7.98064 , "190.75" , "-50.57" , 2.643 , "H " , 18.8 , -1 ,,
 34 , "SDSS J032343.62-011146.0" , 50.93167 , -1.19611 , "184.03" , "-45.24" , -1 , "H " , 16.8 , 29.8 ,,
 35 , "SDSS J035219.85-055044.8" , 58.0825 , -5.84578 , "194.97" , "-42.07" , 0.033 , "H " , 19.3 , -1 ,,
 36 , "SDSS J072659.52+373423.0" , 111.74792 , 37.57306 , "181.06" , "22.77" , 1.577 , "H " , 19.1 , 9.43 ,,
 37 , "SDSS J073346.80+411120.0" , 113.445 , 41.18889 , "177.66" , "25.04" , 1.878 , "H " , 18.2 , 21.4 ,,
 38 , "SDSS J073701.86+284646.0" , 114.2575 , 28.77944 , "190.79" , "21.94" , 0.272 , "H " , 18.7 , 15.85 ,,
 39 , "SDSS J074054.60+322600.9" , 115.2275 , 32.43358 , "187.33" , "23.91" , 0.946 , "H " , 18.7 , 15.37 ,,
 40 , "SDSS J074242.93+301836.1" , 115.67875 , 30.31003 , "189.67" , "23.61" , 0.495 , "H " , 19.5 , 18.58 ,,
 41 , "SDSS J074559.18+222650.9" , 116.49625 , 22.44747 , "197.94" , "21.59" , -1 , "H " , 19.1 , 28.17 ,,
 42 , "SDSS J075331.84+270415.3" , 118.3825 , 27.07092 , "193.87" , "24.81" , 1.655 , "L " , 18.7 , 0.94 ,,
 43 , "SDSS J075445.67+482350.7" , 118.69 , 48.39742 , "170.55" , "30.14" , 0.834 , "H " , 17 , 298.01 ,,
 44 , "SDSS J075437.85+422115.2" , 118.6575 , 42.35425 , "177.39" , "29.09" , -1 , "H " , 20 , 1.06 ,,
 45 , "SDSS J075437.07+391047.7" , 118.65417 , 39.17992 , "180.93" , "28.41" , 0.096 , "H " , 17.2 , 48.81 ,,
 46 , "SDSS J075551.44+352549.8" , 118.96417 , 35.4305 , "185.12" , "27.74" , 2.07 , "L " , 19.1 , 0.94 ,,
 47 , "SDSS J075602.72+414039.8" , 119.01125 , 41.67772 , "178.21" , "29.21" , 0.579 , "H " , 19.9 , 4.02 ,,
 48 , "SDSS J075936.13+132117.8" , 119.90042 , 13.35494 , "208.28" , "21.04" , -1 , "H " , 18.5 , 3.92 ,,
 49 , "SDSS J080018.79+164557.1" , 120.07792 , 16.76586 , "204.99" , "22.56" , 0.309 , "H " , 18.4 , 58.24 ,,
 50 , "SDSS J080115.01+133642.2" , 120.3125 , 13.61172 , "208.21" , "21.51" , -1 , "H " , 19 , 15.26 ,,
 51 , "SDSS J080204.81+100637.8" , 120.52 , 10.1105 , "211.7" , "20.23" , -1 , "H " , 17.3 , 10.6 ,,
 52 , "SDSS J080323.01+481618.6" , 120.84583 , 48.27183 , "170.9" , "31.55" , 0.5 , "H " , 19.3 , 9.92 ,,
 53 , "SDSS J080307.30+243750.8" , 120.78042 , 24.63078 , "197.21" , "26.03" , -1 , "H " , 18.8 , 26.46 ,,
 54 , "SDSS J080615.30+133019.7" , 121.56375 , 13.50547 , "208.85" , "22.58" , -1 , "H " , 19.8 , 13.32 ,,
 55 , "SDSS J080831.59+092304.0" , 122.13125 , 9.38444 , "213.13" , "21.35" , -1 , "H " , 20 , 1 ,,
 56 , "SDSS J080949.18+521858.2" , 122.45458 , 52.31617 , "166.24" , "32.91" , -1 , "H " , 15.4 , 188.29 ,,
 57 , "SDSS J081042.53+325401.4" , 122.67708 , 32.90039 , "188.81" , "30.06" , -1 , "H " , 19.7 , 0.85 ,,
 58 , "SDSS J081058.17+284618.6" , 122.74208 , 28.77183 , "193.39" , "28.99" , 0.272 , "H " , 19.7 , 27.28 ,,
 59 , "SDSS J081251.44+555421.8" , 123.21417 , 55.90606 , "161.97" , "33.44" , 0.383 , "H " , 18.4 , 11.93 ,,
 60 , "SDSS J081250.80+522530.8" , 123.21167 , 52.42522 , "166.14" , "33.37" , 1.152 , "H " , 18.1 , 0.96 ,,
 61 , "SDSS J081231.27+282056.2" , 123.13 , 28.34894 , "193.97" , "29.2" , 0.491 , "H " , 19.1 , 2.63 ,,
 62 , "SDSS J081226.00+114158.5" , 123.10833 , 11.69958 , "211.31" , "23.2" , -1 , "H " , 19.8 , 21.48 ,,
 63 , "SDSS J081258.40+153152.2" , 123.24333 , 15.53117 , "207.53" , "24.88" , -1 , "H " , 20.1 , 2.89 ,,
 64 , "SDSS J081322.91+343758.5" , 123.34542 , 34.63292 , "187.01" , "31.02" , -1 , "H " , 19.6 , 1.03 ,,
 65 , "SDSS J081421.27+294020.9" , 123.58833 , 29.67247 , "192.64" , "29.96" , -1 , "H " , 18.5 , 27.34 ,,
 66 , "SDSS J081609.57+491004.4" , 124.03958 , 49.16789 , "170.07" , "33.72" , -1 , "H " , 17.9 , 52.99 ,,
 67 , "SDSS J081649.78+205106.4" , 124.20708 , 20.85178 , "202.41" , "27.71" , -1 , "H " , 18 , 29.8 ,,
 68 , "SDSS J081751.00+324340.4" , 124.4625 , 32.72792 , "189.44" , "31.47" , 0.796 , "H " , 18.5 , 10.19 ,,
 69 , "SDSS J081815.99+422245.2" , 124.56625 , 42.37922 , "178.22" , "33.4" , -1 , "H " , 18.1 , 1004.62 ,,
 70 , "SDSS J081827.35+281402.8" , 124.61375 , 28.23411 , "194.53" , "30.41" , 0.225 , "H " , 17.6 , 84.12 ,,
 71 , "SDSS J081840.06+315348.1" , 124.66667 , 31.89669 , "190.43" , "31.44" , -1 , "H " , 19.2 , 62.33 ,,
 72 , "SDSS J081918.84+274730.8" , 124.82833 , 27.79189 , "195.09" , "30.47" , -1 , "H " , 18.9 , 150.78 ,,
 73 , "SDSS J081931.58+142937.6" , 124.88125 , 14.49378 , "209.28" , "25.92" , 0.494 , "H " , 19.4 , 6.81 ,,
 74 , "SDSS J082020.19+364004.4" , 125.08375 , 36.66792 , "185.03" , "32.84" , -1 , "H " , 18.8 , 102.07 ,,
 75 , "SDSS J081956.03+132100.9" , 124.98333 , 13.35025 , "210.49" , "25.55" , -1 , "H " , 19 , 0.94 ,,
 76 , "SDSS J082051.20+235345.2" , 125.21333 , 23.89589 , "199.5" , "29.61" , 0.402 , "H " , 18.1 , 39.13 ,,
 77 , "SDSS J082324.75+222303.2" , 125.85292 , 22.38425 , "201.36" , "29.67" , -1 , "H " , 19.5 , 2163.9 ,,
 78 , "SDSS J082323.24+152447.9" , 125.84667 , 15.41331 , "208.75" , "27.14" , 0.167 , "H " , 18.1 , 25.99 ,,
 79 , "SDSS J082320.56+112551.6" , 125.83542 , 11.431 , "212.81" , "25.52" , 0.44 , "H " , 19.5 , 8.92 ,,
 80 , "SDSS J082603.93+413043.8" , 126.51625 , 41.51217 , "179.49" , "34.72" , -1 , "H " , 19.6 , 12.68 ,,
 81 , "SDSS J082722.73+032755.9" , 126.84458 , 3.46553 , "221.12" , "22.87" , 2.023 , "H " , 18.5 , 0.94 ,,
 82 , "SDSS J082814.20+415351.9" , 127.05917 , 41.89775 , "179.09" , "35.17" , 0.226 , "H " , 18.3 , 78.69 ,,
 83 , "SDSS J082801.14+231217.6" , 127.00458 , 23.20489 , "200.86" , "30.94" , -1 , "H " , 20 , 30.92 ,,
 84 , "SDSS J083133.04+174630.8" , 127.8875 , 17.77522 , "207.1" , "29.85" , -1 , "H " , 18.6 , 25.21 ,,
 85 , "SDSS J083223.22+491321.0" , 128.09667 , 49.2225 , "170.13" , "36.38" , -1 , "H " , 19.4 , 364.61 ,,
 86 , "SDSS J083148.87+042939.0" , 127.95333 , 4.49417 , "220.69" , "24.33" , 0.174 , "H " , 15.4 , 738.57 ,,
 87 , "SDSS J083357.08+472652.9" , 128.4875 , 47.44803 , "172.35" , "36.6" , 0.494 , "H " , 18.9 , 11.77 ,,
 88 , "SDSS J083413.90+511214.6" , 128.55792 , 51.20406 , "167.67" , "36.67" , 2.209 , "H " , 19.8 , 1.94 ,,
 89 , "SDSS J083417.58+182501.6" , 128.57292 , 18.41711 , "206.69" , "30.69" , 0.336 , "H " , 19.4 , 16.42 ,,
 90 , "SDSS J083458.20+440338.1" , 128.7425 , 44.06061 , "176.57" , "36.6" , -1 , "H " , 17.8 , 147.88 ,,
 91 , "SDSS J083548.14+151717.0" , 128.95042 , 15.28806 , "210.2" , "29.85" , 0.168 , "L " , 17.7 , 48.66 ,,
 92 , "SDSS J083543.21+093717.9" , 128.93 , 9.62164 , "216.08" , "27.5" , -1 , "H " , 18.3 , 75.11 ,,
 93 , "SDSS J083650.86+142539.1" , 129.21167 , 14.42753 , "211.23" , "29.74" , 1.717 , "L " , 18.9 , 1 ,,
 94 , "SDSS J083724.71+145819.8" , 129.35292 , 14.97217 , "210.71" , "30.08" , 0.278 , "H " , 17.5 , 62.85 ,,
 95 , "SDSS J083743.98+175920.4" , 129.43292 , 17.989 , "207.5" , "31.29" , 0.313 , "H " , 18.5 , 9.21 ,,
 96 , "SDSS J083918.74+361856.1" , 129.82792 , 36.31558 , "186.27" , "36.53" , 0.335 , "H " , 19.6 , 5.47 ,,
 97 , "SDSS J083943.36+354001.4" , 129.93042 , 35.66706 , "187.09" , "36.5" , -1 , "H " , 18.8 , 64.06 ,,
 98 , "SDSS J083930.71+180247.1" , 129.87792 , 18.04642 , "207.62" , "31.71" , 0.42 , "H " , 17.2 , 386.58 ,,
 99 , "SDSS J084013.03+344026.9" , 130.05417 , 34.67414 , "188.33" , "36.43" , 0.451 , "H " , 19.4 , 27.34 ,,
 100 , "SDSS J084056.05+372105.8" , 130.23333 , 37.35161 , "185.06" , "37" , -1 , "H " , 19.2 , 18.38 ,,
 101 , "SDSS J084225.51+025252.7" , 130.60625 , 2.88131 , "223.64" , "25.89" , 0.425 , "H " , 19 , 17.36 ,,
 102 , "SDSS J084325.59+110159.7" , 130.85625 , 11.03325 , "215.56" , "29.82" , -1 , "H " , 20.4 , 3.47 ,,
 103 , "SDSS J084424.24+124546.5" , 131.10083 , 12.76292 , "213.85" , "30.76" , 2.466 , "H " , 18 , 4.17 ,,
 104 , "SDSS J084452.27+280409.9" , 131.2175 , 28.06942 , "196.59" , "35.98" , 0.453 , "H " , 20.2 , 1.77 ,,
 105 , "SDSS J084712.93+113350.2" , 131.80375 , 11.56394 , "215.45" , "30.88" , 0.198 , "H " , 17.9 , 34.37 ,,
 106 , "SDSS J084908.81+020622.5" , 132.28667 , 2.10625 , "225.32" , "26.98" , -1 , "H " , 19.1 , 59.79 ,,
 107 , "SDSS J084932.54+045507.8" , 132.38542 , 4.91886 , "222.59" , "28.42" , -1 , "H " , 17.8 , 174.09 ,,
 108 , "SDSS J085025.60+342750.9" , 132.60667 , 34.46414 , "189.04" , "38.47" , 1.389 , "L " , 18.7 , 0.97 ,,
 109 , "SDSS J085036.20+345522.6" , 132.65083 , 34.92294 , "188.46" , "38.57" , 0.145 , "H " , 17.5 , 31.19 ,,
 110 , "SDSS J085135.93+552834.5" , 132.89958 , 55.47625 , "162.02" , "38.91" , -1 , "H " , 18.2 , 139.06 ,,
 111 , "SDSS J085102.97+054905.9" , 132.76208 , 5.81831 , "221.88" , "29.18" , 0.486 , "H " , 19.1 , 8.17 ,,
 112 , "SDSS J085229.10+243354.4" , 133.12125 , 24.56511 , "201.35" , "36.69" , 0.358 , "H " , 19 , 44.78 ,,
 113 , "SDSS J085253.08+175718.5" , 133.22083 , 17.95514 , "209.09" , "34.64" , 0.211 , "H " , 19.8 , 1 ,,
 114 , "SDSS J085254.40+180000.7" , 133.22667 , 18.00019 , "209.04" , "34.66" , 0.499 , "H " , 20.9 , 2.11 ,,
 115 , "SDSS J085409.89+440830.2" , 133.54083 , 44.14172 , "176.66" , "40.05" , -1 , "H " , 16.9 , 73.86 ,,
 116 , "SDSS J085410.16+275421.7" , 133.54208 , 27.90603 , "197.42" , "37.93" , 0.494 , "H " , 19.7 , 14.58 ,,
 117 , "SDSS J085448.87+200630.7" , 133.70333 , 20.10853 , "206.81" , "35.82" , -1 , "H " , 15.4 , 1182.12 ,,
 118 , "SDSS J085506.39+260142.1" , 133.77625 , 26.02836 , "199.78" , "37.66" , 0.695 , "H " , 20.1 , 29.68 ,,
 119 , "SDSS J085639.74+205743.3" , 134.16542 , 20.96203 , "205.99" , "36.51" , -1 , "H " , 18.2 , 189.05 ,,
 120 , "SDSS J085638.50+014000.6" , 134.16042 , 1.66686 , "226.8" , "28.38" , 0.448 , "H " , 19.3 , 6.97 ,,
 121 , "SDSS J085701.00+234239.5" , 134.25417 , 23.71097 , "202.74" , "37.43" , 1.522 , "L " , 19 , 1.12 ,,
 122 , "SDSS J085729.78+062725.0" , 134.37375 , 6.45694 , "222.1" , "30.89" , 0.338 , "H " , 19.5 , 8.93 ,,
 123 , "SDSS J085749.80+013530.3" , 134.4575 , 1.59175 , "227.04" , "28.6" , 0.281 , "H " , 17.9 , 83.13 ,,
 124 , "SDSS J085920.55+004712.1" , 134.83542 , 0.78669 , "228.05" , "28.52" , -1 , "H " , 18.8 , 44.68 ,,
 125 , "SDSS J090107.64+384658.8" , 135.28167 , 38.783 , "183.79" , "41.11" , 1.329 , "H " , 18.2 , 1.76 ,,
 126 , "SDSS J090207.95+454433.0" , 135.53292 , 45.7425 , "174.53" , "41.44" , 0.289 , "H " , 19 , 19.5 ,,
 127 , "SDSS J090226.91+205046.4" , 135.61208 , 20.84622 , "206.67" , "37.75" , -1 , "H " , 16.3 , 62.85 ,,
 128 , "SDSS J090314.70+405559.8" , 135.81125 , 40.93328 , "180.95" , "41.64" , 0.188 , "H " , 18.2 , 29.65 ,,
 129 , "SDSS J090334.27+285359.2" , 135.8925 , 28.89978 , "196.78" , "40.17" , 0.527 , "H " , 19.3 , 46.49 ,,
 130 , "SDSS J090523.60+575912.4" , 136.34833 , 57.98678 , "158.36" , "40.31" , 0.711 , "H " , 19.4 , 0.99 ,,
 131 , "SDSS J090700.08+085751.3" , 136.75 , 8.96425 , "220.74" , "34.14" , 1.331 , "H " , 19.6 , 9.47 ,,
 132 , "SDSS J090818.95+214820.0" , 137.07875 , 21.80556 , "206.06" , "39.35" , 2.089 , "L " , 19.1 , 4.73 ,,
 133 , "SDSS J090843.25+285229.8" , 137.18 , 28.87494 , "197.13" , "41.27" , 0.93 , "H " , 18.5 , 0.92 ,,
 134 , "SDSS J090900.62+231113.0" , 137.2525 , 23.18694 , "204.41" , "39.91" , 0.431 , "H " , 17.9 , 47.75 ,,
 135 , "SDSS J090855.92+160954.8" , 137.23292 , 16.16519 , "212.89" , "37.55" , 0.652 , "H " , 19.5 , 215.54 ,,
 136 , "SDSS J090953.28+310603.1" , 137.47167 , 31.10086 , "194.27" , "41.94" , 0.272 , "H " , 17.7 , 73.83 ,,
 137 , "SDSS J090939.84+020005.3" , 137.41583 , 2.00144 , "228.37" , "31.36" , -1 , "H " , 19.5 , 317.54 ,,
 138 , "SDSS J091037.03+332924.4" , 137.65417 , 33.49011 , "191.12" , "42.46" , -1 , "H " , 15.6 , 106.23 ,,
 139 , "SDSS J091052.04+390202.1" , 137.71667 , 39.03392 , "183.6" , "43.02" , 0.199 , "H " , 17.8 , 8.27 ,,
 140 , "SDSS J091045.30+254812.8" , 137.68875 , 25.80356 , "201.24" , "41" , 0.384 , "H " , 19.4 , 38.68 ,,
 141 , "SDSS J091147.76+334916.7" , 137.94875 , 33.82131 , "190.71" , "42.75" , 0.456 , "H " , 18.6 , 390.88 ,,
 142 , "SDSS J091151.34+294929.4" , 137.96375 , 29.82483 , "196.06" , "42.12" , 0.446 , "H " , 18.9 , 30.2 ,,
 143 , "SDSS J091211.21+275927.9" , 138.04667 , 27.99108 , "198.5" , "41.82" , -1 , "H " , 18.8 , 2.28 ,,
 144 , "SDSS J091249.60+050317.7" , 138.20667 , 5.05492 , "225.71" , "33.57" , 0.452 , "H " , 20.5 , 20.04 ,,
 145 , "SDSS J091552.39+293324.0" , 138.96792 , 29.55667 , "196.65" , "42.93" , -1 , "H " , 15.9 , 356.43 ,,
 146 , "SDSS J091651.94+523828.3" , 139.21625 , 52.64119 , "164.89" , "43.04" , 0.19 , "H " , 17.8 , 72.56 ,,
 147 , "SDSS J091740.13+402929.8" , 139.41708 , 40.49161 , "181.63" , "44.36" , 0.721 , "H " , 19.4 , 99.75 ,,
 148 , "SDSS J091848.58+021321.8" , 139.70208 , 2.22272 , "229.55" , "33.43" , -1 , "H " , 18.5 , 5.53 ,,
 149 , "SDSS J092145.37+233548.1" , 140.43875 , 23.59669 , "204.98" , "42.83" , -1 , "H " , 18.2 , 18.4 ,,
 150 , "SDSS J092146.79+245541.3" , 140.44458 , 24.92814 , "203.22" , "43.19" , -1 , "H " , 19.9 , 12.08 ,,
 151 , "SDSS J092216.38+234645.5" , 140.56792 , 23.77931 , "204.78" , "43" , 0.635 , "H " , 18.9 , 22.6 ,,
 152 , "SDSS J092309.41+215523.8" , 140.78917 , 21.92328 , "207.29" , "42.66" , 0.542 , "H " , 19.3 , 0.97 ,,
 153 , "SDSS J092352.85+264959.6" , 140.97 , 26.83322 , "200.82" , "44.1" , 0.302 , "H " , 20.2 , 1.2 ,,
 154 , "SDSS J092401.04+053345.3" , 141.00417 , 5.56258 , "226.85" , "36.24" , -1 , "H " , 18.3 , 8.8 ,,
 155 , "SDSS J092542.88+595816.3" , 141.42833 , 59.97119 , "154.84" , "42.25" , -1 , "H " , 19.1 , 8 ,,
 156 , "SDSS J092543.65+312710.7" , 141.43167 , 31.453 , "194.53" , "45.34" , -1 , "H " , 18.5 , 392.89 ,,
 157 , "SDSS J092638.88+541126.6" , 141.66167 , 54.19075 , "162.35" , "44.11" , -1 , "H " , 19.4 , 38.8 ,,
 158 , "SDSS J092814.02+545848.3" , 142.05833 , 54.98008 , "161.21" , "44.12" , 0.775 , "L " , 20.4 , 1 ,,
 159 , "SDSS J092839.08+533152.2" , 142.1625 , 53.53117 , "163.14" , "44.57" , 1.001 , "H " , 19 , 1.22 ,,
 160 , "SDSS J092837.43+404845.2" , 142.15583 , 40.81256 , "181.13" , "46.43" , -1 , "H " , 18.3 , 8.63 ,,
 161 , "SDSS J092915.43+501336.1" , 142.31417 , 50.22669 , "167.66" , "45.42" , -1 , "H " , 16.5 , 503.44 ,,
 162 , "SDSS J092902.42+194525.1" , 142.26 , 19.757 , "210.69" , "43.29" , 1.774 , "H " , 19 , 6.23 ,,
 163 , "SDSS J092912.25+030029.9" , 142.30083 , 3.00831 , "230.39" , "36.05" , -1 , "H " , 20.1 , 1.01 ,,
 164 , "SDSS J092938.07+190502.0" , 142.40833 , 19.08389 , "211.62" , "43.2" , -1 , "H " , 19 , 4.7 ,,
 165 , "SDSS J093037.57+495025.6" , 142.65625 , 49.84044 , "168.13" , "45.71" , 0.187 , "H " , 18.1 , 15.65 ,,
 166 , "SDSS J093217.59+341232.8" , 143.07292 , 34.20911 , "190.79" , "47.01" , -1 , "H " , 19.3 , 0.95 ,,
 167 , "SDSS J093239.36+104235.1" , 143.16375 , 10.70978 , "222.36" , "40.57" , 0.361 , "H " , 18.4 , 28.65 ,,
 168 , "SDSS J093406.66+392632.1" , 143.5275 , 39.44225 , "183.09" , "47.52" , -1 , "H " , 19.5 , 121.62 ,,
 169 , "SDSS J093437.53+262232.6" , 143.65625 , 26.37572 , "202.2" , "46.34" , 3.37 , "H " , 20.1 , 0.9 ,,
 170 , "SDSS J093544.16+124031.6" , 143.93375 , 12.67544 , "220.44" , "42.11" , -1 , "H " , 20.2 , 0.92 ,,
 171 , "SDSS J093627.66+185003.3" , 144.115 , 18.83425 , "212.71" , "44.64" , -1 , "H " , 18.9 , 53.22 ,,
 172 , "SDSS J093807.86+371751.3" , 144.5325 , 37.29761 , "186.29" , "48.33" , 0.56 , "H " , 19.3 , 20.28 ,,
 173 , "SDSS J094022.44+614826.1" , 145.09333 , 61.80725 , "151.6" , "43.19" , 0.211 , "H " , 18.3 , 8.97 ,,
 174 , "SDSS J094245.30+541620.4" , 145.68875 , 54.27233 , "161.27" , "46.34" , -1 , "H " , 20.2 , 5.92 ,,
 175 , "SDSS J094257.82-004705.2" , 145.74083 , -0.78478 , "236.68" , "36.82" , 1.36 , "H " , 18.8 , 2.35 ,,
 176 , "SDSS J094432.33+573536.1" , 146.13458 , 57.59336 , "156.68" , "45.39" , -1 , "H " , 19.9 , 1.86 ,,
 177 , "SDSS J094542.23+575747.7" , 146.42583 , 57.96325 , "156.11" , "45.39" , 0.229 , "H " , 17.5 , 78.29 ,,
 178 , "SDSS J094604.46+473510.1" , 146.51833 , 47.58614 , "170.58" , "48.68" , 0.672 , "H " , 19.7 , 18.01 ,,
 179 , "SDSS J094620.22+010452.0" , 146.58417 , 1.08111 , "235.36" , "38.58" , 0.577 , "H " , 19.9 , 11.23 ,,
 180 , "SDSS J094740.32+345345.2" , 146.91792 , 34.89589 , "190.02" , "50.21" , -1 , "H " , 18.8 , 22.27 ,,
 181 , "SDSS J094738.58+221533.3" , 146.91042 , 22.25925 , "209.17" , "48.19" , -1 , "H " , 19.1 , 84.23 ,,
 182 , "SDSS J094827.06+083940.8" , 147.1125 , 8.66133 , "227.23" , "43.05" , 1.334 , "H " , 19.5 , 1.88 ,,
 183 , "SDSS J094853.60+085514.4" , 147.22333 , 8.92067 , "227" , "43.27" , 1.971 , "H " , 17 , 33.08 ,,
 184 , "SDSS J095003.47+061503.7" , 147.51417 , 6.25103 , "230.33" , "42.17" , -1 , "H " , 18.9 , 96.02 ,,
 185 , "SDSS J095041.07+233159.6" , 147.67083 , 23.53319 , "207.6" , "49.21" , 2.116 , "L " , 19 , 0.98 ,,
 186 , "SDSS J095125.90+504559.7" , 147.85792 , 50.76658 , "165.58" , "48.69" , 1.363 , "H " , 18.9 , 1.35 ,,
 187 , "SDSS J095127.82+010210.3" , 147.86583 , 1.03619 , "236.36" , "39.6" , 0.502 , "H " , 19.2 , 19.7 ,,
 188 , "SDSS J095214.70+393615.8" , 148.06125 , 39.60442 , "182.56" , "51.01" , -1 , "H " , 19.8 , 2.54 ,,
 189 , "SDSS J095409.86+491459.5" , 148.54083 , 49.24986 , "167.6" , "49.56" , -1 , "H " , 18.9 , 4.22 ,,
 190 , "SDSS J095438.39+234118.2" , 148.65958 , 23.68839 , "207.72" , "50.12" , 1.333 , "H " , 19.1 , 0.96 ,,
 191 , "SDSS J095507.88+355100.8" , 148.7825 , 35.85022 , "188.53" , "51.74" , 0.557 , "H " , 20.1 , 7.94 ,,
 192 , "SDSS J095501.87+083342.1" , 148.7575 , 8.56169 , "228.46" , "44.41" , -1 , "H " , 19.2 , 12.66 ,,
 193 , "SDSS J095550.54+555506.9" , 148.96042 , 55.91858 , "158.02" , "47.48" , -1 , "H " , 19.7 , 1.08 ,,
 194 , "SDSS J095549.67+101429.5" , 148.95667 , 10.24153 , "226.53" , "45.4" , 0.373 , "H " , 19.8 , 2.44 ,,
 195 , "SDSS J095649.54+015601.7" , 149.20625 , 1.93381 , "236.41" , "41.21" , -1 , "H " , 20.1 , 4.38 ,,
 196 , "SDSS J095802.93+062634.5" , 149.51208 , 6.44292 , "231.53" , "43.96" , 0.969 , "L " , 19 , 1 ,,
 197 , "SDSS J095929.88+212321.0" , 149.87417 , 21.38917 , "211.67" , "50.57" , 0.365 , "H " , 18.4 , 39.79 ,,
 198 , "SDSS J100040.67+531911.7" , 150.16917 , 53.31992 , "161.19" , "49.15" , -1 , "H " , 20.4 , 2.02 ,,
 199 , "SDSS J100050.21+574609.1" , 150.20917 , 57.76919 , "155.12" , "47.29" , 0.64 , "H " , 19.5 , 82.66 ,,
 200 , "SDSS J100110.20+291137.6" , 150.2925 , 29.19378 , "199.51" , "52.61" , -1 , "H " , 18.1 , 145.57 ,,
 201 , "SDSS J100234.42+221614.9" , 150.64333 , 22.27081 , "210.65" , "51.51" , -1 , "H " , 18.8 , 12.19 ,,
 202 , "SDSS J100309.39+073822.8" , 150.78875 , 7.63967 , "231.04" , "45.67" , -1 , "H " , 19.5 , 1.1 ,,
 203 , "SDSS J100326.63+020455.7" , 150.86083 , 2.08214 , "237.54" , "42.65" , -1 , "H " , 19.5 , 4.52 ,,
 204 , "SDSS J100408.18+144909.9" , 151.03375 , 14.81942 , "221.82" , "49.26" , 0.712 , "H " , 20.7 , 2.85 ,,
 205 , "SDSS J100444.76+375212.0" , 151.18625 , 37.87 , "185.07" , "53.58" , 0.44 , "H " , 19.2 , 44.38 ,,
 206 , "SDSS J100517.54+331202.8" , 151.32292 , 33.20078 , "192.95" , "53.81" , 1.79 , "H " , 18.6 , 0.88 ,,
 207 , "SDSS J100612.22+644011.5" , 151.55083 , 64.66986 , "146.16" , "44.28" , -1 , "H " , 18.9 , 43.57 ,,
 208 , "SDSS J100656.46+345445.1" , 151.735 , 34.91253 , "190.04" , "54.16" , -1 , "H " , 18.9 , 5.02 ,,
 209 , "SDSS J100811.42+470521.4" , 152.0475 , 47.08928 , "169.8" , "52.42" , 0.343 , "H " , 19.1 , 4.29 ,,
 210 , "SDSS J100902.83+621354.8" , 152.26167 , 62.23189 , "148.76" , "45.91" , 1.377 , "L " , 18.9 , 0.96 ,,
 211 , "SDSS J100959.64+014533.7" , 152.49833 , 1.75936 , "239.23" , "43.77" , 1.086 , "H " , 19.6 , 71.45 ,,
 212 , "SDSS J101115.63+010642.4" , 152.815 , 1.11178 , "240.21" , "43.63" , 1.479 , "H " , 19.2 , 310.32 ,,
 213 , "SDSS J101118.50+013755.8" , 152.82708 , 1.63217 , "239.65" , "43.95" , 0.467 , "H " , 20.6 , 1.87 ,,
 214 , "SDSS J101141.02+291114.7" , 152.92083 , 29.18742 , "199.99" , "54.89" , -1 , "H " , 19.4 , 4.16 ,,
 215 , "SDSS J101213.34+063057.2" , 153.05542 , 6.51589 , "234.16" , "46.97" , -1 , "H " , 17.3 , 512.65 ,,
 216 , "SDSS J101244.30+422957.0" , 153.18458 , 42.49917 , "176.89" , "54.4" , 0.365 , "H " , 18.2 , 79.9 ,,
 217 , "SDSS J101353.46+492758.1" , 153.4725 , 49.46614 , "165.6" , "52.52" , 1.635 , "H " , 18.4 , 0.94 ,,
 218 , "SDSS J101504.13+492600.6" , 153.76708 , 49.4335 , "165.53" , "52.71" , -1 , "H " , 15.2 , 398.16 ,,
 219 , "SDSS J101544.01+122707.1" , 153.93333 , 12.45197 , "227.06" , "50.75" , -1 , "H " , 18.4 , 155.12 ,,
 220 , "SDSS J101706.67+520247.2" , 154.2775 , 52.04644 , "161.41" , "51.94" , 0.379 , "H " , 19.2 , 39.14 ,,
 221 , "SDSS J101754.91+431201.1" , 154.47875 , 43.20031 , "175.32" , "55.15" , 2.138 , "H " , 20.3 , 0.94 ,,
 222 , "SDSS J101807.91+190615.5" , 154.53292 , 19.10431 , "217.49" , "53.99" , -1 , "H " , 19.3 , 14.07 ,,
 223 , "SDSS J101858.55+591127.8" , 154.74375 , 59.19106 , "151.49" , "48.61" , -1 , "H " , 17.8 , 98.64 ,,
 224 , "SDSS J101950.87+632001.6" , 154.96167 , 63.33378 , "146.43" , "46.27" , 0.816 , "H " , 18.4 , 117.89 ,,
 225 , "SDSS J102013.76+625010.1" , 155.05708 , 62.83614 , "146.97" , "46.61" , 0.25 , "H " , 18.6 , 33.33 ,,
 226 , "SDSS J102100.35+162554.0" , 155.25125 , 16.43167 , "222.12" , "53.63" , -1 , "H " , 18.4 , 16.61 ,,
 227 , "SDSS J102128.87+380643.2" , 155.37 , 38.11203 , "184" , "56.83" , 0.467 , "H " , 19.8 , 4.61 ,,
 228 , "SDSS J102130.75+141137.4" , 155.37792 , 14.19372 , "225.59" , "52.79" , 0.51 , "H " , 19.3 , 13.48 ,,
 229 , "SDSS J102243.72-011302.4" , 155.68208 , -1.21736 , "245.24" , "44.36" , -1 , "H " , 17.5 , 37.96 ,,
 230 , "SDSS J102339.73+300057.7" , 155.91542 , 30.01603 , "198.94" , "57.56" , 0.433 , "H " , 18.7 , 8.39 ,,
 231 , "SDSS J102453.63+233234.0" , 156.22333 , 23.54278 , "210.83" , "56.8" , 0.165 , "H " , 17.4 , 125.13 ,,
 232 , "SDSS J102523.04+040228.9" , 156.34583 , 4.04139 , "239.96" , "48.21" , 0.208 , "H " , 18.5 , 48.34 ,,
 233 , "SDSS J102659.57+514703.8" , 156.74792 , 51.78439 , "160.65" , "53.42" , -1 , "H " , 19.5 , 53.33 ,,
 234 , "SDSS J102724.96+631753.0" , 156.85375 , 63.29806 , "145.7" , "46.96" , 0.58 , "H " , 18.6 , 16.53 ,,
 235 , "SDSS J102703.39+060933.9" , 156.76375 , 6.15942 , "237.74" , "49.8" , 0.449 , "H " , 19.1 , 6.91 ,,
 236 , "SDSS J102732.39+352622.1" , 156.88458 , 35.43947 , "188.7" , "58.34" , -1 , "H " , 19.6 , 10.47 ,,
 237 , "SDSS J102827.61+055515.1" , 157.115 , 5.92089 , "238.36" , "49.95" , 0.234 , "H " , 19.1 , 14.39 ,,
 238 , "SDSS J103118.53+505335.8" , 157.82708 , 50.89328 , "161.44" , "54.44" , -1 , "H " , 16.8 , 37.97 ,,
 239 , "SDSS J103239.06+662323.2" , 158.1625 , 66.38978 , "141.84" , "45.3" , -1 , "H " , 19.2 , 84.71 ,,
 240 , "SDSS J103208.37+040157.0" , 158.03458 , 4.0325 , "241.55" , "49.53" , -1 , "H " , 19.6 , 112.66 ,,
 241 , "SDSS J103220.28+030949.2" , 158.08417 , 3.16367 , "242.63" , "49.03" , 0.323 , "H " , 18.3 , 31.08 ,,
 242 , "SDSS J103240.72+373826.8" , 158.16958 , 37.64078 , "184.24" , "59.08" , 0.528 , "H " , 17.9 , 86.28 ,,
 243 , "SDSS J103317.94+422236.3" , 158.32458 , 42.37678 , "175.34" , "58.09" , 0.211 , "H " , 18.2 , 33.21 ,,
 244 , "SDSS J103346.39+370825.2" , 158.44292 , 37.14031 , "185.14" , "59.38" , 0.447 , "H " , 19.8 , 4.38 ,,
 245 , "SDSS J103510.81+374929.0" , 158.795 , 37.82475 , "183.72" , "59.54" , 0.571 , "H " , 19.4 , 0.94 ,,
 246 , "SDSS J103507.64+072338.5" , 158.78167 , 7.39403 , "238.01" , "52.15" , -1 , "H " , 19.6 , 9.94 ,,
 247 , "SDSS J103601.12+084948.4" , 159.00458 , 8.83011 , "236.27" , "53.16" , 3.679 , "H " , 19.5 , 0.96 ,,
 248 , "SDSS J103640.35+123338.7" , 159.16792 , 12.56075 , "231.01" , "55.27" , -1 , "H " , 18.1 , 72.53 ,,
 249 , "SDSS J103744.29+571155.6" , 159.43417 , 57.19878 , "151.77" , "51.78" , -1 , "H " , 16.4 , 130.02 ,,
 250 , "SDSS J103736.09+342730.8" , 159.4 , 34.45856 , "190.26" , "60.48" , 1.504 , "H " , 19.1 , 0.92 ,,
 251 , "SDSS J103729.78+170149.4" , 159.37375 , 17.03039 , "223.97" , "57.48" , 0.622 , "H " , 18.8 , 0.98 ,,
 252 , "SDSS J103806.71+382626.5" , 159.52792 , 38.44069 , "182.29" , "59.98" , 1.378 , "H " , 19 , 0.94 ,,
 253 , "SDSS J103845.88+392735.0" , 159.69083 , 39.45972 , "180.25" , "59.88" , 0.382 , "H " , 19.2 , 7.09 ,,
 254 , "SDSS J103852.18+325651.6" , 159.71708 , 32.94767 , "193.3" , "60.85" , 0.321 , "H " , 19.1 , 4.98 ,,
 255 , "SDSS J104029.01+094754.2" , 160.12083 , 9.79839 , "235.96" , "54.61" , 0.304 , "H " , 18.6 , 18.49 ,,
 256 , "SDSS J104125.63+132458.4" , 160.35667 , 13.41625 , "230.71" , "56.7" , 0.375 , "H " , 19.4 , 38.12 ,,
 257 , "SDSS J104149.15+390119.5" , 160.45458 , 39.02208 , "180.82" , "60.55" , 0.208 , "H " , 18.3 , 27.81 ,,
 258 , "SDSS J104255.44+151314.9" , 160.73083 , 15.22081 , "228.08" , "57.88" , 0.307 , "H " , 18.9 , 6.63 ,,
 259 , "SDSS J104309.04+240835.4" , 160.7875 , 24.14317 , "211.58" , "61" , 0.559 , "L " , 17.2 , 369.54 ,,
 260 , "SDSS J104323.88+065310.1" , 160.84917 , 6.88614 , "240.7" , "53.5" , -1 , "H " , 19.5 , 7.18 ,,
 261 , "SDSS J104516.30+275133.4" , 161.31792 , 27.85928 , "204.04" , "62.08" , -1 , "H " , 18.9 , 3.98 ,,
 262 , "SDSS J104857.61+500945.3" , 162.24 , 50.16258 , "159.99" , "57.22" , 0.403 , "H " , 19.5 , 5.96 ,,
 263 , "SDSS J105125.35+394325.7" , 162.85542 , 39.72381 , "178.36" , "62.15" , 0.497 , "H " , 18.6 , 10.34 ,,
 264 , "SDSS J105344.12+492955.9" , 163.43375 , 49.49889 , "160.23" , "58.23" , 0.14 , "L " , 17.4 , 56.16 ,,
 265 , "SDSS J105431.89+385521.6" , 163.6325 , 38.92267 , "179.63" , "62.96" , 1.366 , "L " , 17.2 , 73.07 ,,
 266 , "SDSS J105430.62+221054.8" , 163.6275 , 22.18189 , "217.04" , "63.03" , -1 , "H " , 17.6 , 61.78 ,,
 267 , "SDSS J105451.49+162607.3" , 163.71417 , 16.43536 , "228.5" , "60.99" , 0.505 , "H " , 19.5 , 4.63 ,,
 268 , "SDSS J105538.62+305251.0" , 163.91083 , 30.88083 , "197.54" , "64.47" , 0.243 , "H " , 18.6 , 7.7 ,,
 269 , "SDSS J105606.61+025213.4" , 164.0275 , 2.87039 , "249.27" , "53.27" , 0.236 , "H " , 18.6 , 4.77 ,,
 270 , "SDSS J105723.09+230318.7" , 164.34625 , 23.05519 , "215.56" , "63.91" , 0.378 , "H " , 19.2 , 6.73 ,,
 271 , "SDSS J105802.92+430441.5" , 164.51208 , 43.07819 , "170.71" , "62.07" , -1 , "H " , 19.2 , 312.26 ,,
 272 , "SDSS J105752.79-005908.3" , 164.46958 , -0.98564 , "254.14" , "50.8" , 0.468 , "H " , 19 , 2.81 ,,
 273 , "SDSS J105837.73+562811.1" , 164.65708 , 56.46975 , "149.59" , "54.42" , 0.143 , "H " , 16.2 , 221.38 ,,
 274 , "SDSS J105829.89+281746.3" , 164.62417 , 28.29619 , "203.64" , "65.03" , -1 , "H " , 18.5 , 91.04 ,,
 275 , "SDSS J105829.60+013358.8" , 164.62333 , 1.56633 , "251.51" , "52.77" , 0.887 , "H " , 17.9 , 3353.64 ,,
 276 , "SDSS J105950.85+434315.3" , 164.96167 , 43.72092 , "169.17" , "62.08" , 0.459 , "H " , 19.7 , 30.7 ,,
 277 , "SDSS J110021.06+401928.0" , 165.0875 , 40.32444 , "175.86" , "63.56" , -1 , "H " , 17.2 , 15.47 ,,
 278 , "SDSS J110124.72+410847.4" , 165.35292 , 41.1465 , "173.99" , "63.44" , -1 , "H " , 18.8 , 24.25 ,,
 279 , "SDSS J110222.94+380122.5" , 165.59542 , 38.02292 , "180.54" , "64.7" , 0.392 , "H " , 19.4 , 22.32 ,,
 280 , "SDSS J110356.14+002236.3" , 165.98375 , 0.37675 , "254.5" , "52.82" , 0.275 , "H " , 18.6 , 49.58 ,,
 281 , "SDSS J110424.07+073053.1" , 166.1 , 7.51475 , "245.69" , "57.93" , -1 , "H " , 17 , 71.63 ,,
 282 , "SDSS J110704.78+501037.9" , 166.76958 , 50.17719 , "156.69" , "59.55" , 0.706 , "H " , 19.5 , 30.82 ,,
 283 , "SDSS J110735.91+022224.4" , 166.89958 , 2.37344 , "253.37" , "54.92" , -1 , "H " , 18.6 , 23.83 ,,
 284 , "SDSS J110748.06+150210.5" , 166.95 , 15.03625 , "234.31" , "63.05" , 0.602 , "H " , 18.1 , 42.59 ,,
 285 , "SDSS J110839.62+532721.3" , 167.165 , 53.45592 , "151.69" , "57.55" , 0.878 , "H " , 19.3 , 1.61 ,,
 286 , "SDSS J110844.76+261532.7" , 167.18625 , 26.25908 , "209.22" , "67.08" , -1 , "H " , 19.1 , 39.94 ,,
 287 , "SDSS J110916.16+241120.2" , 167.31708 , 24.18894 , "214.48" , "66.82" , 0.482 , "H " , 18.5 , 31.02 ,,
 288 , "SDSS J110938.50+373611.6" , 167.41042 , 37.60325 , "180.43" , "66.19" , 0.397 , "H " , 18.4 , 1.12 ,,
 289 , "SDSS J111056.83+353907.2" , 167.73667 , 35.652 , "184.95" , "67" , -1 , "H " , 19 , 6.85 ,,
 290 , "SDSS J111057.19+170455.7" , 167.73792 , 17.08214 , "231.1" , "64.71" , -1 , "H " , 19 , 56.28 ,,
 291 , "SDSS J111105.54+283843.4" , 167.77292 , 28.64539 , "203.14" , "67.81" , 0.033 , "H " , 19.9 , 0.95 ,,
 292 , "SDSS J111130.90+345203.3" , 167.87875 , 34.86758 , "186.84" , "67.3" , -1 , "H " , 19.4 , 6.19 ,,
 293 , "SDSS J111207.95+260803.7" , 168.03292 , 26.13436 , "209.82" , "67.82" , 0.45 , "H " , 18.8 , 9.11 ,,
 294 , "SDSS J111224.60+175121.8" , 168.1025 , 17.85606 , "229.85" , "65.37" , 0.421 , "H " , 18.5 , 14.07 ,,
 295 , "SDSS J111401.31+222211.5" , 168.50542 , 22.36986 , "219.73" , "67.41" , 2.121 , "H " , 18.4 , 0.98 ,,
 296 , "SDSS J111457.94+593532.0" , 168.74125 , 59.59225 , "143.3" , "53.55" , 1.585 , "H " , 18.2 , 5.31 ,,
 297 , "SDSS J111706.25+201407.3" , 169.27583 , 20.23536 , "225.58" , "67.37" , 0.138 , "H " , 16.6 , 117.46 ,,
 298 , "SDSS J111717.53+000633.5" , 169.32292 , 0.10931 , "259.12" , "54.76" , 0.451 , "H " , 19.2 , 13.79 ,,
 299 , "SDSS J111740.39+254846.6" , 169.41792 , 25.81292 , "211.18" , "69" , 0.36 , "H " , 16.7 , 10.05 ,,
 300 , "SDSS J111757.24+535554.9" , 169.48833 , 53.93192 , "149.21" , "58.16" , 0.72 , "H " , 17.5 , 13.69 ,,
 301 , "SDSS J112048.06+421212.4" , 170.2 , 42.20344 , "167.85" , "66.16" , -1 , "H " , 17 , 25.09 ,,
 302 , "SDSS J112059.74+014456.9" , 170.24875 , 1.74914 , "258.61" , "56.62" , 0.368 , "H " , 19.2 , 24.03 ,,
 303 , "SDSS J112211.81+431649.7" , 170.54917 , 43.28047 , "165.29" , "65.78" , 0.436 , "H " , 19.1 , 3.02 ,,
 304 , "SDSS J112405.35+204553.7" , 171.02208 , 20.76492 , "225.92" , "69.08" , -1 , "H " , 18.5 , 10.76 ,,
 305 , "SDSS J112453.82+493409.7" , 171.22417 , 49.56936 , "153.64" , "62.08" , -1 , "H " , 18.5 , 17.77 ,,
 306 , "SDSS J112448.05+120213.9" , 171.2 , 12.03719 , "245.31" , "64.69" , 0.451 , "H " , 20.4 , 3.29 ,,
 307 , "SDSS J112503.64+214300.1" , 171.265 , 21.71669 , "223.63" , "69.63" , -1 , "H " , 18.2 , 10.48 ,,
 308 , "SDSS J112639.68+275513.1" , 171.665 , 27.92031 , "205.6" , "71.21" , -1 , "H " , 20.1 , 0.89 ,,
 309 , "SDSS J112809.07+022254.6" , 172.0375 , 2.38183 , "260.52" , "58.22" , 1.699 , "L " , 19.2 , 0.96 ,,
 310 , "SDSS J112914.31+370317.9" , 172.30958 , 37.05497 , "178.01" , "70.02" , -1 , "H " , 19.1 , 70 ,,
 311 , "SDSS J113024.77+281317.6" , 172.60292 , 28.22156 , "204.74" , "72.04" , -1 , "H " , 19.4 , 3.2 ,,
 312 , "SDSS J113039.09-004023.0" , 172.6625 , -0.67306 , "264.71" , "56.08" , 1.766 , "L " , 19.2 , 3.14 ,,
 313 , "SDSS J113118.63+580858.8" , 172.8275 , 58.14967 , "141.76" , "55.95" , 0.36 , "H " , 16.7 , 31.8 ,,
 314 , "SDSS J113115.50+023450.2" , 172.81458 , 2.58061 , "261.49" , "58.84" , 0.653 , "H " , 18.5 , 13.29 ,,
 315 , "SDSS J113245.61+003427.6" , 173.19 , 0.57433 , "264.25" , "57.41" , 1.321 , "H " , 17.4 , 493.15 ,,
 316 , "SDSS J113413.47+001041.9" , 173.55583 , 0.17831 , "265.22" , "57.28" , 1.486 , "L " , 18.4 , 0.95 ,,
 317 , "SDSS J113503.57+320015.6" , 173.76458 , 32.00433 , "191.97" , "72.71" , 0.511 , "H " , 19.4 , 19.14 ,,
 318 , "SDSS J113523.71+660941.1" , 173.84875 , 66.16142 , "134.55" , "49.21" , -1 , "H " , 18.9 , 62.35 ,,
 319 , "SDSS J113630.09+673704.3" , 174.125 , 67.61789 , "133.45" , "47.95" , 0.134 , "H " , 17.2 , 45.25 ,,
 320 , "SDSS J113747.64+391941.5" , 174.44833 , 39.32819 , "169.74" , "70.42" , 2.395 , "H " , 18.9 , 0.9 ,,
 321 , "SDSS J113812.15+411352.8" , 174.55042 , 41.23133 , "165.08" , "69.38" , 0.574 , "H " , 19.8 , 22.44 ,,
 322 , "SDSS J113900.55-020140.0" , 174.75208 , -2.02778 , "269.17" , "56.02" , 1.903 , "H " , 19.2 , 0.98 ,,
 323 , "SDSS J114023.48+152809.7" , 175.0975 , 15.46936 , "244.57" , "69.79" , 0.244 , "H " , 17.5 , 62.03 ,,
 324 , "SDSS J114038.91+100535.3" , 175.16208 , 10.09314 , "255.17" , "66.15" , 0.489 , "H " , 18.6 , 0.98 ,,
 325 , "SDSS J114137.13-002729.8" , 175.40458 , -0.45828 , "268.77" , "57.7" , 0.832 , "H " , 18.6 , 0.95 ,,
 326 , "SDSS J114153.34+021924.4" , 175.47208 , 2.32344 , "266.1" , "60.12" , 3.48 , "H " , 18.6 , 3.01 ,,
 327 , "SDSS J114221.76+334201.8" , 175.59042 , 33.7005 , "184.89" , "73.75" , 0.409 , "H " , 19 , 3.95 ,,
 328 , "SDSS J114312.11+612210.7" , 175.80042 , 61.36964 , "136.73" , "53.89" , -1 , "H " , 17.9 , 69.4 ,,
 329 , "SDSS J114535.10-034001.4" , 176.39625 , -3.66706 , "273.1" , "55.34" , 0.168 , "H " , 18.1 , 10.66 ,,
 330 , "SDSS J114837.77+184009.0" , 177.15708 , 18.66917 , "239.99" , "73.26" , -1 , "H " , 19.4 , 554.66 ,,
 331 , "SDSS J114926.13+624332.4" , 177.35875 , 62.72567 , "134.66" , "52.96" , 0.763 , "H " , 18.9 , 17.44 ,,
 332 , "SDSS J114930.35+243927.0" , 177.37625 , 24.6575 , "219.53" , "75.86" , 0.402 , "H " , 18.3 , 16.32 ,,
 333 , "SDSS J114955.67+103508.1" , 177.48167 , 10.58558 , "258.8" , "68.01" , -1 , "H " , 19.1 , 8.35 ,,
 334 , "SDSS J115019.21+241753.8" , 177.58 , 24.29828 , "221.15" , "75.95" , -1 , "H " , 16.1 , 751.1 ,,
 335 , "SDSS J115034.75+415440.0" , 177.64458 , 41.91114 , "159.11" , "70.68" , -1 , "H " , 17 , 22.76 ,,
 336 , "SDSS J115124.65+585917.7" , 177.8525 , 58.98825 , "136.91" , "56.48" , -1 , "H " , 16 , 169.1 ,,
 337 , "SDSS J115210.70+283721.3" , 178.04458 , 28.62258 , "202.98" , "76.82" , 0.441 , "H " , 19.1 , 23.1 ,,
 338 , "SDSS J115222.19+153148.1" , 178.09208 , 15.53003 , "250.15" , "72.03" , -1 , "H " , 20.5 , 21.64 ,,
 339 , "SDSS J115244.85+340638.9" , 178.18667 , 34.11081 , "180.38" , "75.59" , -1 , "H " , 20.8 , 1.86 ,,
 340 , "SDSS J115251.90+330718.8" , 178.21625 , 33.12189 , "184.04" , "76" , 1.395 , "L " , 16 , 190.29 ,,
 341 , "SDSS J115326.70+361726.3" , 178.36125 , 36.29064 , "172.66" , "74.66" , 1.358 , "L " , 17.2 , 63.2 ,,
 342 , "SDSS J115342.91+382305.8" , 178.42875 , 38.38494 , "166.34" , "73.48" , 0.41 , "H " , 18.7 , 123.84 ,,
 343 , "SDSS J115353.35+502633.9" , 178.47208 , 50.44275 , "144.28" , "64.23" , 0.868 , "L " , 18.7 , 0.91 ,,
 344 , "SDSS J115404.55-001009.8" , 178.51875 , -0.16939 , "273.8" , "59.41" , 0.254 , "H " , 18.4 , 9.88 ,,
 345 , "SDSS J115518.26+092641.2" , 178.82583 , 9.44478 , "263.44" , "67.9" , 0.667 , "H " , 19.4 , 15.92 ,,
 346 , "SDSS J115548.40+613553.9" , 178.95167 , 61.59831 , "134.22" , "54.29" , -1 , "H " , 18.9 , 3.37 ,,
 347 , "SDSS J115637.02+184856.5" , 179.15417 , 18.81569 , "243.47" , "74.9" , 1.956 , "H " , 18.2 , 2.29 ,,
 348 , "SDSS J115709.53+282200.7" , 179.28958 , 28.36686 , "203.9" , "77.93" , 0.3 , "H " , 18.8 , 27.76 ,,
 349 , "SDSS J115851.19+330847.5" , 179.71292 , 33.14653 , "181.84" , "77.15" , 0.31 , "H " , 19.4 , 0.96 ,,
 350 , "SDSS J115854.37+093711.7" , 179.72625 , 9.61992 , "265.16" , "68.54" , -1 , "H " , 18.3 , 33.54 ,,
 351 , "SDSS J120059.69+400913.1" , 180.24833 , 40.15364 , "158.45" , "73.3" , 3.366 , "H " , 19.6 , 3.48 ,,
 352 , "SDSS J120106.18-000701.6" , 180.27542 , -0.11711 , "276.94" , "60.18" , 0.165 , "H " , 18.1 , 62.64 ,,
 353 , "SDSS J120208.65+444422.4" , 180.53583 , 44.73956 , "148.99" , "69.81" , 0.297 , "H " , 18 , 53.77 ,,
 354 , "SDSS J120257.06+385147.5" , 180.7375 , 38.86319 , "160.66" , "74.5" , 0.801 , "H " , 18.7 , 19.32 ,,
 355 , "SDSS J120303.50+603119.1" , 180.76458 , 60.52197 , "133.45" , "55.6" , 0.065 , "H " , 16.4 , 171.35 ,,
 356 , "SDSS J120331.67+543009.0" , 180.88167 , 54.5025 , "137.44" , "61.25" , 0.478 , "H " , 19.4 , 67.85 ,,
 357 , "SDSS J120355.34+581945.5" , 180.98042 , 58.32931 , "134.6" , "57.71" , -1 , "H " , 18.6 , 41.81 ,,
 358 , "SDSS J120412.11+114555.3" , 181.05042 , 11.76539 , "264.83" , "71.05" , 0.296 , "H " , 17.9 , 17.94 ,,
 359 , "SDSS J120543.30+582933.7" , 181.43042 , 58.49269 , "134.08" , "57.63" , 1.083 , "L " , 19.8 , 7.69 ,,
 360 , "SDSS J120658.03+052952.2" , 181.74167 , 5.49783 , "274.87" , "65.91" , 0.789 , "H " , 19.7 , 477.73 ,,
 361 , "SDSS J120709.97+171549.3" , 181.79125 , 17.26369 , "254.61" , "75.78" , -1 , "H " , 19.2 , 9.34 ,,
 362 , "SDSS J120804.32+301550.4" , 182.01792 , 30.264 , "192.13" , "79.99" , -1 , "H " , 18.8 , 31.58 ,,
 363 , "SDSS J120837.27+115937.9" , 182.155 , 11.99386 , "267.28" , "71.83" , 0.369 , "H " , 18.3 , 67.31 ,,
 364 , "SDSS J120837.11+612106.4" , 182.15458 , 61.35178 , "131.87" , "55.02" , 0.275 , "H " , 18.1 , 80.06 ,,
 365 , "SDSS J120922.78+411941.3" , 182.34458 , 41.32814 , "151.56" , "73.38" , -1 , "H " , 17.6 , 398.39 ,,
 366 , "SDSS J120938.32+021017.2" , 182.40958 , 2.17144 , "279.3" , "63.1" , -1 , "H " , 19.2 , 6.04 ,,
 367 , "SDSS J121002.66+324058.9" , 182.51083 , 32.68303 , "178.66" , "79.45" , -1 , "H " , 19.6 , 1.87 ,,
 368 , "SDSS J121026.58+392908.6" , 182.61042 , 39.48575 , "154.95" , "74.98" , 0.617 , "H " , 19.5 , 18.8 ,,
 369 , "SDSS J121037.35+525341.9" , 182.65542 , 52.89497 , "136.61" , "63.13" , 0.918 , "L " , 18.7 , 5.08 ,,
 370 , "SDSS J121103.29-002005.2" , 182.76333 , -0.33478 , "281.82" , "60.86" , 0.319 , "H " , 19.4 , 102.35 ,,
 371 , "SDSS J121221.56+534127.9" , 183.08958 , 53.69108 , "135.49" , "62.47" , 3.097 , "H " , 18.6 , 0.96 ,,
 372 , "SDSS J121300.79+512935.6" , 183.25292 , 51.49319 , "136.93" , "64.57" , -1 , "H " , 18.5 , 37.13 ,,
 373 , "SDSS J121348.80+642520.1" , 183.45333 , 64.42225 , "129.54" , "52.22" , 0.887 , "H " , 19.2 , 10.46 ,,
 374 , "SDSS J121500.78+500215.5" , 183.75292 , 50.03767 , "137.43" , "66.05" , -1 , "H " , 17.4 , 65.31 ,,
 375 , "SDSS J121508.85+350813.4" , 183.78667 , 35.13706 , "164.78" , "78.85" , 0.883 , "H " , 20.6 , 78.19 ,,
 376 , "SDSS J121518.03+545913.2" , 183.825 , 54.987 , "133.77" , "61.37" , 0.338 , "H " , 19.4 , 9.17 ,,
 377 , "SDSS J121649.98+054136.6" , 184.20792 , 5.6935 , "280.37" , "67.03" , -1 , "H " , 19.8 , 45.98 ,,
 378 , "SDSS J121758.73-002946.2" , 184.49458 , -0.49617 , "285.34" , "61.22" , 0.419 , "H " , 17.7 , 389.87 ,,
 379 , "SDSS J121929.45+471522.8" , 184.8725 , 47.25633 , "138.13" , "68.91" , 1.336 , "H " , 17.5 , 1.01 ,,
 380 , "SDSS J121944.98+044622.4" , 184.93708 , 4.77289 , "282.86" , "66.4" , -1 , "H " , 17.9 , 13.09 ,,
 381 , "SDSS J122008.29+343121.7" , 185.03417 , 34.52269 , "163.25" , "80.01" , 0.592 , "H " , 17.6 , 256.45 ,,
 382 , "SDSS J122012.14-000306.7" , 185.05042 , -0.05186 , "286.22" , "61.8" , -1 , "H " , 19.2 , 9.36 ,,
 383 , "SDSS J122121.94+301037.2" , 185.34125 , 30.177 , "186.37" , "82.73" , 0.184 , "H " , 15.9 , 63.03 ,,
 384 , "SDSS J122131.69+281358.4" , 185.38167 , 28.23289 , "201.75" , "83.28" , -1 , "H " , 15.1 , 922.12 ,,
 385 , "SDSS J122211.42+354058.3" , 185.5475 , 35.68286 , "157.19" , "79.42" , -1 , "H " , 18.7 , 5.97 ,,
 386 , "SDSS J122300.30+515313.9" , 185.75125 , 51.88719 , "133.21" , "64.67" , 0.365 , "H " , 19.6 , 3.37 ,,
 387 , "SDSS J122334.89+172843.1" , 185.895 , 17.47864 , "267.81" , "78.4" , 1.359 , "L " , 18.2 , 11.54 ,,
 388 , "SDSS J122353.05+465048.8" , 185.97083 , 46.84689 , "136.51" , "69.54" , 0.261 , "H " , 18.6 , 10.02 ,,
 389 , "SDSS J122451.50+433519.2" , 186.21458 , 43.58867 , "139.29" , "72.68" , -1 , "H " , 20.1 , 333.71 ,,
 390 , "SDSS J122809.13-022136.1" , 187.03792 , -2.36003 , "291.24" , "59.98" , 0.323 , "H " , 19.4 , 1.45 ,,
 391 , "SDSS J123123.90+142124.4" , 187.84958 , 14.35678 , "281.84" , "76.39" , 0.256 , "H " , 17.5 , 48.23 ,,
 392 , "SDSS J123132.37+013813.9" , 187.88458 , 1.63719 , "291.5" , "64.06" , 3.229 , "H " , 18.7 , 8.57 ,,
 393 , "SDSS J123143.57+284749.7" , 187.93125 , 28.79714 , "190.83" , "85.33" , -1 , "H " , 17.3 , 97.85 ,,
 394 , "SDSS J123131.39+641418.2" , 187.88042 , 64.23839 , "126.5" , "52.75" , 0.163 , "H " , 17.4 , 57.98 ,,
 395 , "SDSS J123305.15+170133.3" , 188.27125 , 17.02592 , "279.2" , "79.04" , -1 , "H " , 17.7 , 32.63 ,,
 396 , "SDSS J123341.33-014423.7" , 188.42208 , -1.73992 , "293.8" , "60.81" , -1 , "H " , 18.3 , 31.29 ,,
 397 , "SDSS J123438.95+391046.8" , 188.66208 , 39.17967 , "138.07" , "77.45" , 0.584 , "H " , 19.7 , 85.27 ,,
 398 , "SDSS J123528.85+170036.6" , 188.87 , 17.01017 , "282.07" , "79.22" , 0.381 , "H " , 19.5 , 125.13 ,,
 399 , "SDSS J123618.90+032456.0" , 189.07875 , 3.41556 , "293.61" , "66.01" , 1.007 , "L " , 19.2 , 0.94 ,,
 400 , "SDSS J123623.01+390000.9" , 189.09583 , 39.00028 , "136.81" , "77.72" , 0.39 , "H " , 18.4 , 36.54 ,,
 401 , "SDSS J123705.61+302004.9" , 189.27333 , 30.33469 , "166.54" , "85.51" , -1 , "H " , 19.9 , 3.71 ,,
 402 , "SDSS J123739.08+625842.8" , 189.4125 , 62.97856 , "125.6" , "54.07" , 0.297 , "H " , 18 , 12.2 ,,
 403 , "SDSS J123743.09+630144.9" , 189.42917 , 63.02914 , "125.58" , "54.03" , 3.425 , "H " , 19 , 1 ,,
 404 , "SDSS J123826.01+443137.1" , 189.60833 , 44.52697 , "130.61" , "72.4" , 0.312 , "H " , 20 , 9.85 ,,
 405 , "SDSS J123831.24+540651.8" , 189.63 , 54.11439 , "127.09" , "62.91" , 0.224 , "H " , 18.3 , 31.45 ,,
 406 , "SDSS J123931.16+405446.4" , 189.87958 , 40.91289 , "132.27" , "76" , 1.348 , "H " , 19.4 , 0.99 ,,
 407 , "SDSS J124030.93+344527.5" , 190.12875 , 34.75764 , "139.31" , "82.02" , 1.642 , "H " , 19.1 , 20.78 ,,
 408 , "SDSS J124109.43+340038.1" , 190.28917 , 34.01058 , "140.11" , "82.77" , -1 , "H " , 19.4 , 5.67 ,,
 409 , "SDSS J124141.38+344031.0" , 190.42208 , 34.67528 , "137.8" , "82.17" , -1 , "H " , 19.5 , 7.55 ,,
 410 , "SDSS J124203.13+085048.1" , 190.51292 , 8.84669 , "295.57" , "71.58" , 1.609 , "H " , 19.2 , 0.97 ,,
 411 , "SDSS J124225.38+642918.9" , 190.60542 , 64.48858 , "124.53" , "52.61" , 0.042 , "H " , 17.1 , -1 ,,
 412 , "SDSS J124312.73+362743.9" , 190.80292 , 36.46219 , "133" , "80.5" , 0.485 , "H " , 15.9 , 140.99 ,,
 413 , "SDSS J124406.73+494936.0" , 191.02792 , 49.82667 , "125.98" , "67.25" , 2.223 , "L " , 19 , 0.95 ,,
 414 , "SDSS J124425.29+044459.6" , 191.105 , 4.74992 , "298.34" , "67.55" , -1 , "H " , 19.4 , 7.68 ,,
 415 , "SDSS J124444.35+161621.7" , 191.18458 , 16.27269 , "294.45" , "79.03" , 0.456 , "H " , 19.4 , 9.62 ,,
 416 , "SDSS J124510.00+570954.3" , 191.29167 , 57.16508 , "124.62" , "59.94" , -1 , "H " , 17.5 , 110.86 ,,
 417 , "SDSS J124533.79+022825.1" , 191.39042 , 2.47364 , "299.41" , "65.3" , 1.095 , "H " , 19.1 , 32.77 ,,
 418 , "SDSS J124602.52+011318.7" , 191.51042 , 1.22189 , "299.84" , "64.05" , 0.387 , "H " , 17 , 79.43 ,,
 419 , "SDSS J124700.72+442318.8" , 191.75292 , 44.38856 , "125.59" , "72.71" , 1.812 , "H " , 18.6 , 9.61 ,,
 420 , "SDSS J124745.39+325147.0" , 191.93875 , 32.86306 , "130.62" , "84.21" , 2.249 , "L " , 18.6 , 0.76 ,,
 421 , "SDSS J124818.78+582028.9" , 192.07792 , 58.34136 , "123.72" , "58.78" , -1 , "H " , 15.3 , 208.45 ,,
 422 , "SDSS J124834.30+512807.8" , 192.14292 , 51.46883 , "124.01" , "65.65" , 0.351 , "H " , 17.8 , 92.59 ,,
 423 , "SDSS J124946.74+370747.7" , 192.44458 , 37.12992 , "124.83" , "79.99" , -1 , "H " , 18.8 , 5.75 ,,
 424 , "SDSS J125015.53+315559.5" , 192.56458 , 31.93319 , "125.91" , "85.18" , -1 , "H " , 18.9 , 4.63 ,,
 425 , "SDSS J125032.58+021632.1" , 192.63542 , 2.27558 , "302.39" , "65.14" , -1 , "H " , 19.2 , 468.49 ,,
 426 , "SDSS J125117.88+103907.2" , 192.82417 , 10.652 , "302.8" , "73.52" , 0.245 , "H " , 18.6 , 4.21 ,,
 427 , "SDSS J125219.48+264053.9" , 193.08083 , 26.68164 , "326.74" , "89.51" , 1.292 , "H " , 17.7 , 1.38 ,,
 428 , "SDSS J125234.58+084944.0" , 193.14375 , 8.82889 , "303.82" , "71.69" , 0.424 , "H " , 19 , 45.64 ,,
 429 , "SDSS J125234.66+293732.6" , 193.14417 , 29.62572 , "117.26" , "87.49" , 0.529 , "H " , 19.1 , 8.89 ,,
 430 , "SDSS J125300.95+382625.7" , 193.25375 , 38.44047 , "121.35" , "78.68" , 0.371 , "H " , 19.2 , 5.81 ,,
 431 , "SDSS J125311.91+530111.6" , 193.29958 , 53.01989 , "122.32" , "64.1" , -1 , "H " , 17.3 , 420.34 ,,
 432 , "SDSS J125359.31+624257.4" , 193.49708 , 62.71594 , "122.42" , "54.41" , 0.867 , "H " , 18.8 , 13.6 ,,
 433 , "SDSS J125433.27+221103.7" , 193.63833 , 22.18436 , "311.24" , "85" , -1 , "H " , 17.3 , 83.43 ,,
 434 , "SDSS J125555.40+384811.3" , 193.98083 , 38.80314 , "118.62" , "78.28" , 0.559 , "H " , 19 , 22.61 ,,
 435 , "SDSS J125639.35+060908.0" , 194.16375 , 6.15222 , "306.55" , "68.98" , 0.423 , "H " , 19.2 , 45.49 ,,
 436 , "SDSS J125716.58+364714.9" , 194.31875 , 36.78747 , "116" , "80.26" , 0.531 , "H " , 17.7 , 73.86 ,,
 437 , "SDSS J125820.79+612045.5" , 194.58625 , 61.346 , "121.46" , "55.76" , 0.224 , "L " , 18.7 , 9.09 ,,
 438 , "SDSS J125905.02+222716.5" , 194.77083 , 22.45458 , "323.7" , "85.01" , -1 , "H " , 20.5 , 4.13 ,,
 439 , "SDSS J130008.52+175538.0" , 195.03542 , 17.92719 , "315.68" , "80.58" , -1 , "H " , 19.8 , 8.03 ,,
 440 , "SDSS J130032.78+535112.4" , 195.13625 , 53.85344 , "119.95" , "63.22" , 0.474 , "H " , 18.8 , 32.98 ,,
 441 , "SDSS J130145.65+405624.7" , 195.44 , 40.94019 , "114.83" , "76.02" , 0.649 , "H " , 18.1 , 26.59 ,,
 442 , "SDSS J130146.31+441619.2" , 195.44292 , 44.272 , "116.68" , "72.73" , -1 , "H " , 18.6 , 53.64 ,,
 443 , "SDSS J130255.35+505618.2" , 195.73042 , 50.93839 , "118.46" , "66.09" , -1 , "H " , 19.6 , 2.32 ,,
 444 , "SDSS J130312.89+321911.4" , 195.80333 , 32.31983 , "97.42" , "84.21" , 0.645 , "H " , 18.6 , 0.94 ,,
 445 , "SDSS J130531.25+385521.9" , 196.38 , 38.92275 , "109.81" , "77.84" , 0.376 , "H " , 19.2 , 42.61 ,,
 446 , "SDSS J130933.93+115424.5" , 197.39125 , 11.90681 , "319.42" , "74.19" , -1 , "H " , 18.4 , 858.62 ,,
 447 , "SDSS J130925.52+430505.5" , 197.35625 , 43.08486 , "111.2" , "73.63" , 1.154 , "H " , 17 , 58.19 ,,
 448 , "SDSS J131106.47+003510.0" , 197.77667 , 0.58611 , "313.82" , "63.03" , -1 , "H " , 17.9 , 22.75 ,,
 449 , "SDSS J131059.78+560140.1" , 197.74875 , 56.02781 , "117.31" , "60.88" , 1.284 , "L " , 18.3 , 1.02 ,,
 450 , "SDSS J131146.02+395317.5" , 197.94167 , 39.88819 , "105.92" , "76.56" , -1 , "H " , 19.8 , 14.98 ,,
 451 , "SDSS J131330.12+020105.9" , 198.37542 , 2.01831 , "315.74" , "64.33" , 0.356 , "H " , 18.6 , 52.89 ,,
 452 , "SDSS J131443.80+234826.7" , 198.6825 , 23.80742 , "1.91" , "83.78" , -1 , "H " , 16.8 , 174.76 ,,
 453 , "SDSS J131931.73+140533.1" , 199.88208 , 14.09253 , "331.01" , "75.4" , 0.573 , "H " , 17.7 , 65.8 ,,
 454 , "SDSS J131935.27+272502.2" , 199.89667 , 27.41728 , "37.17" , "83.73" , -1 , "H " , 19.8 , 11.55 ,,
 455 , "SDSS J132138.86+010846.2" , 200.41167 , 1.14617 , "319.77" , "63.02" , 1.42 , "H " , 18.9 , 1.01 ,,
 456 , "SDSS J132130.21+481719.2" , 200.37583 , 48.28867 , "109.46" , "68.04" , 1.413 , "H " , 18.5 , 0.93 ,,
 457 , "SDSS J132231.46+134429.8" , 200.63083 , 13.74164 , "332.93" , "74.77" , 0.377 , "H " , 19.2 , 8.87 ,,
 458 , "SDSS J132247.40+321608.5" , 200.6975 , 32.26903 , "71.87" , "81.47" , -1 , "H " , 19 , 905.46 ,,
 459 , "SDSS J132301.00+043951.3" , 200.75417 , 4.66425 , "322.84" , "66.3" , 0.224 , "H " , 18.2 , 29.33 ,,
 460 , "SDSS J132239.31+494336.2" , 200.66375 , 49.72672 , "110.15" , "66.62" , 0.332 , "H " , 19.7 , 4.01 ,,
 461 , "SDSS J132358.36+140559.4" , 200.99292 , 14.09983 , "334.76" , "74.92" , 0.773 , "H " , 18.7 , 25.65 ,,
 462 , "SDSS J132541.92-022810.1" , 201.42458 , -2.46947 , "319.86" , "59.26" , 0.791 , "H " , 19.9 , 9.17 ,,
 463 , "SDSS J132617.70+122958.7" , 201.57375 , 12.49964 , "333.8" , "73.24" , 0.204 , "H " , 18.3 , 29.35 ,,
 464 , "SDSS J132614.99+293330.9" , 201.56208 , 29.55861 , "52.56" , "81.96" , 0.429 , "H " , 18.2 , 16.48 ,,
 465 , "SDSS J132802.09+112913.6" , 202.00833 , 11.48711 , "333.48" , "72.15" , 1.827 , "H " , 18.5 , 2.06 ,,
 466 , "SDSS J132758.95+252746.4" , 201.99542 , 25.46289 , "23.47" , "81.64" , -1 , "H " , 18.8 , 10.39 ,,
 467 , "SDSS J132758.05+441326.7" , 201.99167 , 44.22411 , "102.04" , "71.39" , 1.366 , "L " , 17.5 , 9.08 ,,
 468 , "SDSS J132833.56+114520.5" , 202.13958 , 11.75569 , "334.26" , "72.32" , -1 , "H " , 19.1 , 2.7 ,,
 469 , "SDSS J132809.59+545452.8" , 202.04 , 54.91467 , "111.87" , "61.42" , 2.096 , "L " , 17.8 , 0.96 ,,
 470 , "SDSS J132759.77+645811.3" , 201.99875 , 64.96981 , "116.7" , "51.71" , 0.447 , "H " , 19.3 , 37.97 ,,
 471 , "SDSS J133026.52+241521.5" , 202.61042 , 24.25597 , "16.98" , "80.75" , 0.463 , "H " , 19.5 , 19.19 ,,
 472 , "SDSS J133046.71-000543.5" , 202.69458 , -0.09542 , "323.68" , "61.17" , 0.242 , "H " , 19.6 , 1.01 ,,
 473 , "SDSS J133021.52+444120.3" , 202.58958 , 44.68897 , "101.51" , "70.78" , -1 , "H " , 18.5 , 17.98 ,,
 474 , "SDSS J133105.70-002221.2" , 202.77375 , -0.37256 , "323.65" , "60.89" , 0.243 , "H " , 18.9 , 8.68 ,,
 475 , "SDSS J133040.69+565520.1" , 202.66917 , 56.92225 , "112.4" , "59.39" , -1 , "H " , 19.1 , 12.56 ,,
 476 , "SDSS J133133.44+171250.6" , 202.88917 , 17.21406 , "348.07" , "76.42" , -1 , "H " , 19.7 , 186.98 ,,
 477 , "SDSS J133102.91+565541.8" , 202.76208 , 56.92828 , "112.31" , "59.37" , 0.27 , "H " , 19 , 3.24 ,,
 478 , "SDSS J133222.62+034739.9" , 203.09417 , 3.79442 , "327.44" , "64.69" , 1.438 , "L " , 18.3 , 1 ,,
 479 , "SDSS J133312.77+293554.2" , 203.30292 , 29.59839 , "50.41" , "80.48" , 1.555 , "H " , 19.2 , 2.37 ,,
 480 , "SDSS J133336.72+155409.7" , 203.40292 , 15.90269 , "346.14" , "75.1" , -1 , "H " , 18.9 , 3.83 ,,
 481 , "SDSS J133325.99+623541.7" , 203.35792 , 62.59492 , "114.75" , "53.86" , -1 , "H " , 19.8 , 5.33 ,,
 482 , "SDSS J133605.59+210526.4" , 204.02292 , 21.09067 , "4.65" , "78.16" , -1 , "H " , 19.7 , 5.19 ,,
 483 , "SDSS J133612.16+231958.0" , 204.05042 , 23.33278 , "14.82" , "79.19" , 0.267 , "H " , 18.6 , 10.15 ,,
 484 , "SDSS J133859.05+115316.7" , 204.74583 , 11.88797 , "341.43" , "71.11" , -1 , "H " , 17.9 , 15.09 ,,
 485 , "SDSS J133910.80+080024.4" , 204.795 , 8.00678 , "335.72" , "67.78" , -1 , "H " , 19.2 , 9.96 ,,
 486 , "SDSS J134037.58-014847.6" , 205.15625 , -1.81322 , "327.13" , "58.72" , 0.513 , "H " , 20 , 6.8 ,,
 487 , "SDSS J134029.79+441003.9" , 205.12375 , 44.16775 , "96.04" , "70.31" , 0.546 , "H " , 18.9 , 34.18 ,,
 488 , "SDSS J134105.10+395945.4" , 205.27125 , 39.99594 , "87.43" , "73.52" , 0.172 , "H " , 18 , 41.43 ,,
 489 , "SDSS J134145.08+190536.7" , 205.4375 , 19.09353 , "0.75" , "75.92" , -1 , "H " , 19.8 , 12.03 ,,
 490 , "SDSS J134136.23+551437.9" , 205.40083 , 55.24386 , "108.39" , "60.44" , 0.207 , "H " , 18.1 , 33.08 ,,
 491 , "SDSS J134240.33+093911.2" , 205.66792 , 9.65311 , "340.01" , "68.74" , -1 , "H " , 19.3 , 2.47 ,,
 492 , "SDSS J134633.98+244058.4" , 206.64125 , 24.68289 , "24.84" , "77.37" , 0.167 , "H " , 17.9 , 27 ,,
 493 , "SDSS J134601.29+585820.1" , 206.505 , 58.97225 , "110.1" , "56.77" , -1 , "H " , 17.7 , 1.02 ,,
 494 , "SDSS J134853.41+075647.7" , 207.2225 , 7.94658 , "340.93" , "66.48" , 0.25 , "H " , 18.1 , 33.46 ,,
 495 , "SDSS J135120.84+111453.0" , 207.83667 , 11.24806 , "347.37" , "68.77" , -1 , "H " , 18.6 , 36.79 ,,
 496 , "SDSS J135158.20+554210.8" , 207.9925 , 55.703 , "106.13" , "59.4" , -1 , "H " , 19.2 , 83.4 ,,
 497 , "SDSS J135322.84+143539.2" , 208.345 , 14.59422 , "355.04" , "70.89" , -1 , "H " , 18.8 , 420.33 ,,
 498 , "SDSS J135314.08+374113.9" , 208.30833 , 37.68719 , "75.88" , "73.26" , 0.216 , "H " , 17.3 , 34.19 ,,
 499 , "SDSS J135328.04+560056.9" , 208.36667 , 56.01581 , "106.04" , "59.03" , -1 , "H " , 18.5 , 18.85 ,,
 500 , "SDSS J135444.21+062248.1" , 208.68417 , 6.38003 , "341.72" , "64.37" , 0.276 , "H " , 19 , 26.59 ,,
 501 , "SDSS J135426.69+370654.5" , 208.61083 , 37.11514 , "73.76" , "73.37" , 0.384 , "H " , 17.3 , 20 ,,
 502 , "SDSS J135712.95-014600.5" , 209.30375 , -1.76681 , "334.27" , "57.04" , 0.547 , "H " , 19.8 , 12.56 ,,
 503 , "SDSS J135738.70+012813.6" , 209.41125 , 1.47044 , "337.44" , "59.82" , -1 , "H " , 17.8 , 66.33 ,,
 504 , "SDSS J140138.72+361121.9" , 210.41125 , 36.18942 , "68.58" , "72.57" , 0.507 , "H " , 19.2 , 82.98 ,,
 505 , "SDSS J140121.13+520928.9" , 210.33792 , 52.15803 , "100.02" , "61.75" , 0.482 , "H " , 19.6 , 15.75 ,,
 506 , "SDSS J140127.23+484841.7" , 210.36333 , 48.81158 , "95.6" , "64.43" , -1 , "H " , 19.6 , 0.89 ,,
 507 , "SDSS J140330.85+360651.1" , 210.87833 , 36.11419 , "67.81" , "72.26" , 0.25 , "H " , 19.5 , 3.06 ,,
 508 , "SDSS J140350.28+243304.8" , 210.95917 , 24.55131 , "27.98" , "73.52" , 0.343 , "H " , 19.2 , 3.75 ,,
 509 , "SDSS J140450.91+040202.1" , 211.21208 , 4.03392 , "343.32" , "61" , -1 , "H " , 16.3 , 41.86 ,,
 510 , "SDSS J140438.58+501116.4" , 211.16042 , 50.18789 , "96.61" , "63.03" , 1.52 , "H " , 19.3 , 0.93 ,,
 511 , "SDSS J140519.62+305351.7" , 211.33167 , 30.89769 , "50.46" , "73.43" , 0.343 , "H " , 19.7 , 4.82 ,,
 512 , "SDSS J140449.57+655431.6" , 211.20625 , 65.90878 , "111.5" , "49.56" , 0.363 , "H " , 18.7 , 13.75 ,,
 513 , "SDSS J140630.18+123620.4" , 211.62542 , 12.60567 , "357.04" , "67.2" , 0.695 , "H " , 19.6 , 4.32 ,,
 514 , "SDSS J140641.39+481824.8" , 211.67208 , 48.30689 , "93.32" , "64.26" , -1 , "H " , 19.7 , 4.17 ,,
 515 , "SDSS J140710.26+241853.6" , 211.7925 , 24.31489 , "27.78" , "72.72" , 1.662 , "H " , 18.5 , 0.99 ,,
 516 , "SDSS J140642.75+530833.8" , 211.67792 , 53.14272 , "99.81" , "60.47" , 0.458 , "H " , 19.8 , 9.26 ,,
 517 , "SDSS J140916.33-000011.2" , 212.31792 , -0.00314 , "340.69" , "57.04" , 1.321 , "H " , 18.7 , 0.93 ,,
 518 , "SDSS J140918.18+014217.5" , 212.32542 , 1.70486 , "342.48" , "58.46" , 0.939 , "L " , 18.8 , 0.93 ,,
 519 , "SDSS J141004.65+020306.9" , 212.51917 , 2.05192 , "343.17" , "58.63" , -1 , "H " , 18.1 , 319.99 ,,
 520 , "SDSS J141003.91+051557.7" , 212.51625 , 5.26603 , "347" , "61.21" , 0.544 , "H " , 19.7 , 6.43 ,,
 521 , "SDSS J140923.50+593940.7" , 212.34792 , 59.66131 , "105.92" , "54.81" , 0.496 , "H " , 18.9 , 23.3 ,,
 522 , "SDSS J141029.55+282055.7" , 212.62292 , 28.34881 , "41.51" , "72.48" , -1 , "H " , 17.5 , 22.84 ,,
 523 , "SDSS J141030.84+610012.8" , 212.62833 , 61.00356 , "106.89" , "53.59" , 0.383 , "H " , 19.1 , 5.36 ,,
 524 , "SDSS J141141.96+140233.9" , 212.92458 , 14.04275 , "1.98" , "67.16" , 1.745 , "L " , 18.7 , 0.95 ,,
 525 , "SDSS J141140.54+340424.4" , 212.91875 , 34.07344 , "59.77" , "71.43" , 0.421 , "H " , 19.7 , 64.48 ,,
 526 , "SDSS J141200.04+634414.9" , 213 , 63.73747 , "108.87" , "51.13" , 0.068 , "H " , 18 , 1 ,,
 527 , "SDSS J141522.41+270318.2" , 213.84333 , 27.05506 , "37.52" , "71.34" , -1 , "H " , 20 , 1.7 ,,
 528 , "SDSS J141536.80+483030.4" , 213.90333 , 48.50844 , "91.19" , "63.1" , 0.496 , "H " , 18.8 , 43.61 ,,
 529 , "SDSS J141730.92+073320.7" , 214.37875 , 7.55575 , "353.08" , "61.72" , 1.704 , "H " , 18.5 , 1.17 ,,
 530 , "SDSS J141756.67+254326.2" , 214.48583 , 25.72394 , "33.68" , "70.6" , 0.236 , "H " , 17.3 , 42.38 ,,
 531 , "SDSS J141826.32-023334.1" , 214.60958 , -2.55947 , "341.58" , "53.65" , -1 , "H " , 16.6 , 43.45 ,,
 532 , "SDSS J141927.49+044513.7" , 214.86417 , 4.75381 , "349.98" , "59.32" , 1.691 , "H " , 18.2 , 26.46 ,,
 533 , "SDSS J142013.68+061428.6" , 215.05667 , 6.24128 , "352.23" , "60.3" , 0.625 , "H " , 18.9 , 53.44 ,,
 534 , "SDSS J141946.59+542314.7" , 214.94375 , 54.38742 , "98.29" , "58.31" , 0.153 , "H " , 15.5 , 583.67 ,,
 535 , "SDSS J142116.23+052252.3" , 215.3175 , 5.38119 , "351.46" , "59.49" , 0.901 , "L " , 19.1 , 1 ,,
 536 , "SDSS J142106.41+315940.9" , 215.27667 , 31.99469 , "52.35" , "69.94" , -1 , "H " , 19.1 , 0.98 ,,
 537 , "SDSS J142304.61+373730.5" , 215.76917 , 37.62514 , "67.27" , "68.07" , -1 , "H " , 18.5 , 39.93 ,,
 538 , "SDSS J142330.67+141247.8" , 215.8775 , 14.21328 , "6.51" , "64.95" , -1 , "H " , 19.3 , 32.65 ,,
 539 , "SDSS J142238.89+580155.5" , 215.66167 , 58.03208 , "101.85" , "55.2" , -1 , "H " , 18.1 , 9.38 ,,
 540 , "SDSS J142409.50+043452.0" , 216.03958 , 4.58114 , "351.46" , "58.42" , -1 , "H " , 17.7 , 159.86 ,,
 541 , "SDSS J142436.29+144910.5" , 216.15083 , 14.81958 , "8.05" , "65.07" , -1 , "H " , 19.1 , 8.06 ,,
 542 , "SDSS J142422.91+343356.7" , 216.09542 , 34.56575 , "59.13" , "68.77" , 0.576 , "H " , 19.5 , 7.7 ,,
 543 , "SDSS J142421.17+370552.8" , 216.08792 , 37.098 , "65.71" , "68.02" , 0.29 , "H " , 18.6 , 67.86 ,,
 544 , "SDSS J142455.50+361536.0" , 216.23125 , 36.26 , "63.48" , "68.19" , -1 , "H " , 17.6 , 87.77 ,,
 545 , "SDSS J142526.18-011825.8" , 216.35875 , -1.30717 , "345.21" , "53.66" , -1 , "H " , 19.1 , 10.04 ,,
 546 , "SDSS J142601.31+243245.7" , 216.50542 , 24.54603 , "31.32" , "68.59" , 2.115 , "L " , 19.1 , 0.96 ,,
 547 , "SDSS J142607.71+340426.3" , 216.53208 , 34.07394 , "57.59" , "68.53" , -1 , "H " , 17.4 , 35.7 ,,
 548 , "SDSS J142605.78+531558.6" , 216.52375 , 53.26628 , "95.54" , "58.53" , -1 , "H " , 19.8 , 2.66 ,,
 549 , "SDSS J142645.52+241523.0" , 216.68958 , 24.25639 , "30.64" , "68.36" , -1 , "H " , 19.1 , 9.39 ,,
 550 , "SDSS J142724.88-001450.9" , 216.85333 , -0.24747 , "346.97" , "54.2" , 0.164 , "L " , 19.8 , 1.01 ,,
 551 , "SDSS J142832.60+424021.0" , 217.13583 , 42.6725 , "77.48" , "64.9" , 0.129 , "H " , 16.8 , 43.58 ,,
 552 , "SDSS J142904.61+120410.2" , 217.26917 , 12.0695 , "4.37" , "62.6" , -1 , "H " , 19.3 , 7.41 ,,
 553 , "SDSS J142943.64+385932.2" , 217.43167 , 38.99228 , "69.25" , "66.34" , 0.928 , "H " , 17.5 , 0.94 ,,
 554 , "SDSS J143327.60+244117.7" , 218.365 , 24.68825 , "32.6" , "66.96" , -1 , "H " , 19.1 , 17.12 ,,
 555 , "SDSS J143653.39+053408.9" , 219.22208 , 5.56914 , "357" , "56.91" , 1.518 , "H " , 19.2 , 1.01 ,,
 556 , "SDSS J143657.71+563924.8" , 219.24042 , 56.65689 , "97.72" , "55" , -1 , "H " , 18.4 , 17.54 ,,
 557 , "SDSS J143716.15+471726.4" , 219.31708 , 47.29067 , "84.22" , "61.1" , -1 , "H " , 19.8 , 98.09 ,,
 558 , "SDSS J143758.67+300207.1" , 219.49417 , 30.03531 , "46.34" , "66.48" , 0.758 , "H " , 19.2 , 63.47 ,,
 559 , "SDSS J143832.30+292210.3" , 219.63458 , 29.36953 , "44.68" , "66.35" , -1 , "H " , 19.1 , 27.12 ,,
 560 , "SDSS J143917.47+393242.8" , 219.8225 , 39.54522 , "68.84" , "64.42" , -1 , "H " , 16.8 , 44.12 ,,
 561 , "SDSS J143946.13+460311.1" , 219.94208 , 46.05308 , "81.58" , "61.42" , -1 , "H " , 19.1 , 132.34 ,,
 562 , "SDSS J143946.96+495805.4" , 219.94542 , 49.96817 , "88.06" , "59.18" , -1 , "H " , 17.6 , 98.88 ,,
 563 , "SDSS J144052.93+061016.1" , 220.22042 , 6.17114 , "359.03" , "56.6" , -1 , "H " , 17.2 , 58.35 ,,
 564 , "SDSS J144045.05+334322.2" , 220.1875 , 33.72286 , "55.3" , "65.61" , -1 , "H " , 19.3 , 0.97 ,,
 565 , "SDSS J144050.13+333350.2" , 220.20875 , 33.56394 , "54.91" , "65.61" , 1.774 , "L " , 18.4 , 5.44 ,,
 566 , "SDSS J144204.04+132916.0" , 220.51667 , 13.48778 , "10.62" , "60.79" , 0.992 , "L " , 18.3 , 641.78 ,,
 567 , "SDSS J144207.15+434836.6" , 220.52958 , 43.81017 , "77.02" , "62.18" , 0.673 , "H " , 18.1 , 23 ,,
 568 , "SDSS J144248.28+120040.2" , 220.70083 , 12.01117 , "8.32" , "59.83" , 0.163 , "H " , 17.4 , 71.27 ,,
 569 , "SDSS J144334.40+251558.2" , 220.89333 , 25.26617 , "35.06" , "64.82" , 0.529 , "H " , 19 , 5.29 ,,
 570 , "SDSS J144434.90+633606.0" , 221.14542 , 63.60167 , "104.12" , "49.19" , 0.298 , "H " , 19.2 , 13.25 ,,
 571 , "SDSS J144632.57+412729.9" , 221.63542 , 41.45831 , "71.69" , "62.44" , 0.638 , "H " , 20.1 , 43.16 ,,
 572 , "SDSS J144741.76-020339.1" , 221.92375 , -2.06086 , "351.37" , "49.55" , 1.427 , "L " , 18.6 , 0.98 ,,
 573 , "SDSS J144803.36+240704.2" , 222.01375 , 24.11783 , "32.95" , "63.59" , 3.544 , "H " , 19.2 , 0.94 ,,
 574 , "SDSS J144800.58+360831.0" , 222.00208 , 36.14194 , "60.26" , "63.72" , -1 , "H " , 16.8 , 30.92 ,,
 575 , "SDSS J144932.70+274621.6" , 222.38625 , 27.77267 , "41.23" , "63.85" , 0.227 , "H " , 18.3 , 68.28 ,,
 576 , "SDSS J145059.99+520111.7" , 222.74958 , 52.01992 , "89.13" , "56.53" , 2.469 , "H " , 18.5 , 41.48 ,,
 577 , "SDSS J145111.70+580003.0" , 222.79875 , 58.00083 , "97.06" , "52.69" , 0.405 , "H " , 19.4 , 7.27 ,,
 578 , "SDSS J145507.44+025040.2" , 223.78083 , 2.84453 , "358.9" , "51.73" , -1 , "H " , 19.4 , 104.11 ,,
 579 , "SDSS J145427.12+512433.7" , 223.61292 , 51.40936 , "87.67" , "56.45" , -1 , "H " , 17.8 , 125.26 ,,
 580 , "SDSS J145514.09+235337.6" , 223.80833 , 23.89378 , "33.28" , "61.95" , -1 , "H " , 19.1 , 0.96 ,,
 581 , "SDSS J145603.64+504825.9" , 224.015 , 50.80719 , "86.51" , "56.58" , -1 , "H " , 19.1 , 9.45 ,,
 582 , "SDSS J145604.19+544253.1" , 224.01708 , 54.71475 , "92.11" , "54.3" , 1.794 , "H " , 19.3 , 0.95 ,,
 583 , "SDSS J145844.80+372021.5" , 224.68667 , 37.33931 , "61.86" , "61.37" , 0.333 , "H " , 19.6 , 269.98 ,,
 584 , "SDSS J150057.85+484002.3" , 225.24083 , 48.66731 , "82.41" , "57.01" , 0.527 , "H " , 18.7 , 0.93 ,,
 585 , "SDSS J150106.26+552750.8" , 225.27583 , 55.46411 , "92.38" , "53.28" , -1 , "H " , 19.9 , 12.3 ,,
 586 , "SDSS J150233.94+335055.6" , 225.64125 , 33.84878 , "54.45" , "61.09" , -1 , "H " , 17.5 , 80.99 ,,
 587 , "SDSS J150410.48+300703.0" , 226.04333 , 30.1175 , "46.75" , "60.82" , 0.947 , "L " , 19.1 , 0.94 ,,
 588 , "SDSS J150347.98+475930.9" , 225.94958 , 47.99192 , "80.91" , "56.91" , -1 , "H " , 19.7 , 55.28 ,,
 589 , "SDSS J150644.47+081400.6" , 226.685 , 8.2335 , "8.74" , "52.84" , 0.376 , "H " , 17.1 , 75.46 ,,
 590 , "SDSS J150617.64+433413.6" , 226.57333 , 43.57044 , "73.02" , "58.28" , 0.47 , "H " , 19.3 , 31.09 ,,
 591 , "SDSS J150718.80+243122.7" , 226.82833 , 24.52297 , "35.78" , "59.4" , -1 , "H " , 18.9 , 4.12 ,,
 592 , "SDSS J150947.97+555617.3" , 227.44958 , 55.93814 , "91.82" , "52.01" , -1 , "H " , 17.8 , 34.37 ,,
 593 , "SDSS J151433.75+190319.5" , 228.64042 , 19.05542 , "26.82" , "56.23" , -1 , "H " , 18.7 , 7.1 ,,
 594 , "SDSS J151826.68+075222.3" , 229.61083 , 7.87286 , "10.88" , "50.24" , -1 , "H " , 18.9 , 4.93 ,,
 595 , "SDSS J152034.98+554257.0" , 230.14542 , 55.71583 , "90.2" , "50.86" , -1 , "H " , 18.7 , 48.05 ,,
 596 , "SDSS J152200.77+035016.9" , 230.50292 , 3.83803 , "6.66" , "47.19" , 0.838 , "H " , 19.2 , 0.99 ,,
 597 , "SDSS J152200.14+413741.7" , 230.50042 , 41.62825 , "68.07" , "56.06" , 3.215 , "H " , 20 , 0.59 ,,
 598 , "SDSS J152422.56+374034.1" , 231.09375 , 37.67614 , "60.93" , "56.3" , 1.219 , "H " , 19.3 , 1.82 ,,
 599 , "SDSS J152507.68+215343.0" , 231.28167 , 21.89528 , "32.97" , "54.78" , -1 , "H " , 19.3 , 5.68 ,,
 600 , "SDSS J152913.56+381217.5" , 232.30625 , 38.20486 , "61.66" , "55.29" , -1 , "H " , 18.4 , 11.08 ,,
 601 , "SDSS J153044.08+231013.5" , 232.68333 , 23.17042 , "35.67" , "53.88" , 1.407 , "H " , 17.6 , 4.55 ,,
 602 , "SDSS J153058.18+573625.2" , 232.74208 , 57.607 , "91.58" , "48.66" , -1 , "H " , 19.4 , 38.38 ,,
 603 , "SDSS J153139.78+470705.9" , 232.91542 , 47.11831 , "76.36" , "52.91" , -1 , "H " , 19.3 , 3.53 ,,
 604 , "SDSS J153149.47+465913.7" , 232.95583 , 46.98714 , "76.14" , "52.92" , 0.316 , "H " , 18.9 , 21.32 ,,
 605 , "SDSS J153311.25+185429.1" , 233.29667 , 18.90808 , "29.2" , "52.05" , 0.307 , "H " , 18.3 , 21.39 ,,
 606 , "SDSS J153324.26+341640.3" , 233.35083 , 34.27786 , "54.73" , "54.69" , -1 , "H " , 17.9 , 27.27 ,,
 607 , "SDSS J153447.21+371554.5" , 233.69667 , 37.26514 , "59.85" , "54.28" , 0.143 , "H " , 17.3 , 22.14 ,,
 608 , "SDSS J153500.80+532037.2" , 233.75333 , 53.34367 , "85.36" , "50.12" , -1 , "H " , 18.6 , 14.06 ,,
 609 , "SDSS J153925.68+421728.1" , 234.85667 , 42.29114 , "68.05" , "52.76" , -1 , "H " , 18.1 , 65.97 ,,
 610 , "SDSS J154146.37+263100.8" , 235.44292 , 26.51689 , "42.02" , "52.17" , 1.716 , "H " , 19 , 0.91 ,,
 611 , "SDSS J154604.25+081913.4" , 236.5175 , 8.32039 , "16.79" , "44.67" , 0.512 , "H " , 17.4 , 7.11 ,,
 612 , "SDSS J154633.15+060345.5" , 236.63792 , 6.06264 , "14.19" , "43.4" , 0.853 , "H " , 19.2 , 1 ,,
 613 , "SDSS J154623.71+181715.3" , 236.59875 , 18.28758 , "30" , "48.9" , 1.005 , "H " , 18.8 , 61.23 ,,
 614 , "SDSS J154850.76+001852.3" , 237.21125 , 0.31453 , "8.25" , "39.7" , 0.89 , "H " , 19.1 , 1.01 ,,
 615 , "SDSS J155203.26+085047.3" , 238.01333 , 8.84647 , "18.45" , "43.65" , 1.015 , "H " , 18 , 103.9 ,,
 616 , "SDSS J155331.07+060143.8" , 238.37917 , 6.02883 , "15.39" , "41.91" , 0.619 , "H " , 19.9 , 13.12 ,,
 617 , "SDSS J155412.07+241426.6" , 238.55 , 24.24072 , "39.48" , "48.94" , 0.301 , "H " , 19.4 , 8.49 ,,
 618 , "SDSS J155424.12+201125.4" , 238.60042 , 20.19039 , "33.65" , "47.76" , 0.222 , "H " , 17.9 , 60.86 ,,
 619 , "SDSS J155500.58+214159.8" , 238.75208 , 21.69994 , "35.86" , "48.08" , 0.864 , "H " , 17.9 , 171.47 ,,
 620 , "SDSS J155651.00+385446.4" , 239.2125 , 38.91289 , "62.08" , "49.85" , -1 , "H " , 19.5 , 0.99 ,,
 621 , "SDSS J155848.37+022818.6" , 239.70125 , 2.47183 , "12.37" , "38.89" , -1 , "H " , 19.5 , 17.99 ,,
 622 , "SDSS J155952.20+231656.7" , 239.9675 , 23.28242 , "38.59" , "47.44" , -1 , "H " , 17.5 , 47.38 ,,
 623 , "SDSS J160114.81+042052.7" , 240.31167 , 4.34797 , "14.83" , "39.39" , 2.152 , "H " , 18.9 , 1.01 ,,
 624 , "SDSS J160118.96+063136.0" , 240.32875 , 6.52667 , "17.28" , "40.5" , 0.358 , "H " , 18.9 , 39.47 ,,
 625 , "SDSS J160218.06+305109.4" , 240.575 , 30.85261 , "49.83" , "48.4" , -1 , "H " , 18 , 59.92 ,,
 626 , "SDSS J160339.50+500955.4" , 240.91458 , 50.16539 , "78.62" , "46.98" , -1 , "H " , 19.4 , 29.82 ,,
 627 , "SDSS J160436.65+173325.0" , 241.1525 , 17.55694 , "31.25" , "44.59" , 1.007 , "H " , 19.2 , 9.26 ,,
 628 , "SDSS J160410.22+432614.7" , 241.0425 , 43.43742 , "68.79" , "48.1" , -1 , "H " , 18 , 0.96 ,,
 629 , "SDSS J160519.04+542059.9" , 241.32917 , 54.34997 , "84.35" , "45.59" , 0.212 , "H " , 18.8 , 5.54 ,,
 630 , "SDSS J160740.59+254115.7" , 241.91875 , 25.68769 , "42.64" , "46.32" , 0.532 , "H " , 19.5 , 31.71 ,,
 631 , "SDSS J160909.77+342154.1" , 242.29042 , 34.36503 , "55.26" , "47.32" , 0.578 , "H " , 19 , 7.71 ,,
 632 , "SDSS J161016.47+303945.9" , 242.56833 , 30.66275 , "49.9" , "46.68" , 1.034 , "L " , 19.7 , 0.95 ,,
 633 , "SDSS J161245.67+511816.8" , 243.19 , 51.30467 , "79.74" , "45.32" , 1.595 , "H " , 17.7 , 0.93 ,,
 634 , "SDSS J161415.20+004722.0" , 243.56333 , 0.78944 , "13.26" , "34.74" , 1.568 , "H " , 19.3 , 13.74 ,,
 635 , "SDSS J161353.49+220159.4" , 243.4725 , 22.03317 , "38.16" , "43.99" , 0.875 , "L " , 19.1 , 1.73 ,,
 636 , "SDSS J161409.43+203602.0" , 243.53917 , 20.60056 , "36.3" , "43.49" , -1 , "H " , 20 , 8.2 ,,
 637 , "SDSS J161608.48+224107.4" , 244.035 , 22.68539 , "39.24" , "43.68" , 0.33 , "L " , 18.7 , 14.54 ,,
 638 , "SDSS J161541.21+471111.7" , 243.92167 , 47.18661 , "73.84" , "45.61" , 0.199 , "L " , 17.7 , 98.08 ,,
 639 , "SDSS J161633.78+333043.4" , 244.14042 , 33.51206 , "54.22" , "45.71" , -1 , "H " , 19.1 , 21.29 ,,
 640 , "SDSS J161706.32+410647.0" , 244.27625 , 41.11306 , "65.13" , "45.89" , 0.267 , "H " , 17.9 , 63.88 ,,
 641 , "SDSS J161830.59+062211.5" , 244.6275 , 6.36986 , "19.82" , "36.72" , -1 , "H " , 18.6 , 28.44 ,,
 642 , "SDSS J161823.58+363201.7" , 244.59792 , 36.53381 , "58.57" , "45.58" , 0.734 , "H " , 19.4 , 536.06 ,,
 643 , "SDSS J162115.21-003140.3" , 245.31333 , -0.52789 , "13.09" , "32.55" , -1 , "H " , 19 , 12.7 ,,
 644 , "SDSS J162258.85+064919.3" , 245.745 , 6.82203 , "20.98" , "35.97" , -1 , "H " , 20 , 1 ,,
 645 , "SDSS J162259.26+440142.9" , 245.74667 , 44.02858 , "69.2" , "44.67" , -1 , "H " , 18.9 , 8.05 ,,
 646 , "SDSS J162332.26+284128.7" , 245.88417 , 28.69131 , "47.84" , "43.51" , -1 , "H " , 19.1 , 2.52 ,,
 647 , "SDSS J162451.69+232515.8" , 246.215 , 23.42106 , "40.97" , "41.96" , 0.441 , "H " , 20.1 , 0.9 ,,
 648 , "SDSS J162625.85+351341.4" , 246.6075 , 35.22817 , "56.91" , "43.86" , 0.497 , "H " , 18.4 , 20.05 ,,
 649 , "SDSS J162650.39+342229.4" , 246.70958 , 34.37483 , "55.75" , "43.69" , -1 , "H " , 19.6 , 0.74 ,,
 650 , "SDSS J162712.98+314956.1" , 246.80375 , 31.83225 , "52.29" , "43.27" , -1 , "H " , 20 , 4.02 ,,
 651 , "SDSS J162839.03+252755.9" , 247.1625 , 25.46553 , "43.92" , "41.67" , 0.22 , "H " , 18.2 , 51.53 ,,
 652 , "SDSS J162856.27+140028.7" , 247.23417 , 14.00797 , "29.86" , "37.83" , -1 , "H " , 19.6 , 1.01 ,,
 653 , "SDSS J162933.60+253200.6" , 247.39 , 25.5335 , "44.08" , "41.49" , 1.33 , "L " , 19.2 , 0.95 ,,
 654 , "SDSS J163124.70+421702.3" , 247.85292 , 42.284 , "66.7" , "43.19" , 0.467 , "H " , 19.1 , 6.05 ,,
 655 , "SDSS J163214.52+175849.6" , 248.06042 , 17.98044 , "34.92" , "38.59" , 0.287 , "H " , 18.1 , 18.95 ,,
 656 , "SDSS J163322.48+422738.8" , 248.34333 , 42.46078 , "66.94" , "42.83" , 0.133 , "H " , 18.5 , 0.96 ,,
 657 , "SDSS J163716.73+131438.8" , 249.31958 , 13.24411 , "30.01" , "35.67" , -1 , "H " , 18.9 , 16.04 ,,
 658 , "SDSS J163739.15+221039.9" , 249.41292 , 22.17775 , "40.54" , "38.78" , 0.689 , "H " , 21.7 , 0.91 ,,
 659 , "SDSS J163709.50+432600.3" , 249.28958 , 43.43342 , "68.25" , "42.13" , 0.343 , "H " , 18.4 , 51.24 ,,
 660 , "SDSS J163726.66+454749.0" , 249.36083 , 45.79694 , "71.43" , "42.01" , 0.192 , "H " , 18.3 , 16.23 ,,
 661 , "SDSS J163843.23+133409.8" , 249.68 , 13.56939 , "30.55" , "35.48" , 0.472 , "H " , 20.5 , 3 ,,
 662 , "SDSS J163836.22+435403.0" , 249.65083 , 43.90083 , "68.87" , "41.86" , 0.469 , "H " , 20.4 , 4.09 ,,
 663 , "SDSS J164128.55+211759.6" , 250.36875 , 21.29989 , "39.82" , "37.66" , 0.673 , "H " , 20.1 , 1 ,,
 664 , "SDSS J164220.31+221143.4" , 250.58458 , 22.19539 , "40.98" , "37.75" , 0.592 , "H " , 18.7 , 13.31 ,,
 665 , "SDSS J164301.06+322104.0" , 250.75417 , 32.35111 , "53.7" , "40.06" , 1.028 , "H " , 18.5 , 22.21 ,,
 666 , "SDSS J164302.05+441422.4" , 250.75833 , 44.23956 , "69.32" , "41.06" , 1.65 , "L " , 18.5 , 0.88 ,,
 667 , "SDSS J164419.97+454644.3" , 251.08292 , 45.779 , "71.35" , "40.81" , 0.225 , "L " , 18.1 , 115.06 ,,
 668 , "SDSS J164729.70+252154.4" , 251.87375 , 25.36511 , "45.24" , "37.54" , -1 , "H " , 19.6 , 0.99 ,,
 669 , "SDSS J164903.28+304936.5" , 252.26333 , 30.82681 , "52.08" , "38.51" , 2.048 , "L " , 19.1 , 0.99 ,,
 670 , "SDSS J165109.19+421253.4" , 252.78792 , 42.21486 , "66.71" , "39.54" , 0.269 , "H " , 19.4 , 17.2 ,,
 671 , "SDSS J165146.61+184709.0" , 252.94417 , 18.78583 , "37.89" , "34.54" , 0.447 , "H " , 20.1 , 1.68 ,,
 672 , "SDSS J165248.44+363212.6" , 253.20167 , 36.53683 , "59.45" , "38.7" , -1 , "H " , 19.2 , 53.47 ,,
 673 , "SDSS J165249.92+402310.1" , 253.20792 , 40.38614 , "64.37" , "39.11" , 0.387 , "H " , 18.4 , 17.66 ,,
 674 , "SDSS J165412.84+354334.9" , 253.55333 , 35.72636 , "58.48" , "38.3" , 0.754 , "L " , 20.1 , 0.94 ,,
 675 , "SDSS J165542.81+324420.0" , 253.92833 , 32.73889 , "54.81" , "37.49" , -1 , "H " , 18.7 , 31.63 ,,
 676 , "SDSS J165552.23+372321.9" , 253.9675 , 37.38942 , "60.64" , "38.21" , -1 , "H " , 20.3 , 76.04 ,,
 677 , "SDSS J165851.61+341908.8" , 254.715 , 34.31911 , "56.92" , "37.14" , -1 , "H " , 19.8 , 0.94 ,,
 678 , "SDSS J165806.77+611858.9" , 254.52792 , 61.31636 , "90.96" , "37.06" , 2.085 , "H " , 20.7 , 0.99 ,,
 679 , "SDSS J165808.34+615001.9" , 254.53458 , 61.83389 , "91.59" , "36.96" , 0.374 , "H " , 18.5 , 37.94 ,,
 680 , "SDSS J170108.89+395443.0" , 255.28667 , 39.91194 , "63.96" , "37.48" , 1.889 , "H " , 19.2 , 3.75 ,,
 681 , "SDSS J170124.63+395437.1" , 255.3525 , 39.91031 , "63.97" , "37.43" , -1 , "H " , 16.9 , 254.93 ,,
 682 , "SDSS J170238.53+311543.5" , 255.66042 , 31.26208 , "53.39" , "35.75" , -1 , "H " , 18.9 , 5.81 ,,
 683 , "SDSS J171248.77+293116.8" , 258.20292 , 29.52136 , "51.97" , "33.21" , 0.42 , "H " , 18 , 13.39 ,,
 684 , "SDSS J171445.54+303628.0" , 258.68958 , 30.60778 , "53.35" , "33.07" , 0.857 , "H " , 19.1 , 1.55 ,,
 685 , "SDSS J171501.35+292912.3" , 258.75542 , 29.48675 , "52.08" , "32.74" , 1.529 , "H " , 19.5 , 27.24 ,,
 686 , "SDSS J171427.40+560156.0" , 258.61417 , 56.03222 , "84.12" , "35.61" , 0.401 , "H " , 19.7 , 6.59 ,,
 687 , "SDSS J171902.34+552434.5" , 259.75958 , 55.40958 , "83.32" , "35" , 0.627 , "H " , 21 , 1.76 ,,
 688 , "SDSS J172918.78+525559.2" , 262.32792 , 52.93311 , "80.32" , "33.5" , 0.349 , "H " , 18.5 , 20.7 ,,
 689 , "SDSS J172858.15+603512.7" , 262.24208 , 60.58686 , "89.5" , "33.44" , 1.785 , "H " , 18.5 , 1.02 ,,
 690 , "SDSS J173719.14+570216.5" , 264.32958 , 57.03792 , "85.24" , "32.44" , -1 , "H " , 19.9 , 12.94 ,,
 691 , "SDSS J204921.74-003926.6" , 312.34042 , -0.65739 , "46.75" , "-26.31" , 0.257 , "H " , 19.1 , 5.42 ,,
 692 , "SDSS J205133.22-002130.2" , 312.88833 , -0.35839 , "47.35" , "-26.63" , -1 , "H " , 20.2 , -1 ,,
 693 , "SDSS J205456.85+001537.7" , 313.73667 , 0.26047 , "48.43" , "-27.05" , 0.151 , "H " , 18 , 56.47 ,,
 694 , "SDSS J205523.37-050619.2" , 313.84708 , -5.10533 , "43.19" , "-29.8" , 0.342 , "H " , 19 , 18.8 ,,
 695 , "SDSS J205528.23-002117.1" , 313.8675 , -0.35475 , "47.91" , "-27.48" , -1 , "H " , 18 , 40.51 ,,
 696 , "SDSS J205938.57-003756.0" , 314.91042 , -0.63219 , "48.25" , "-28.51" , 0.335 , "H " , 19.3 , 14.69 ,,
 697 , "SDSS J210436.56-072146.8" , 316.15208 , -7.363 , "42.12" , "-32.89" , -1 , "H " , 20.2 , 1 ,,
 698 , "SDSS J211552.88+000115.4" , 318.97 , 0.02094 , "51.35" , "-31.63" , -1 , "H " , 19.5 , -1 ,,
 699 , "SDSS J211603.23-010828.4" , 319.01333 , -1.14122 , "50.21" , "-32.28" , 0.305 , "H " , 18 , 66.13 ,,
 700 , "SDSS J211611.89-062830.4" , 319.04917 , -6.47511 , "44.7" , "-35" , 0.292 , "H " , 18.9 , 14.87 ,,
 701 , "SDSS J212416.05-074129.9" , 321.06667 , -7.69164 , "44.57" , "-37.34" , 1.402 , "H " , 18 , 0.98 ,,
 702 , "SDSS J212756.67+004745.6" , 321.98583 , 0.796 , "54.08" , "-33.73" , 0.693 , "L " , 19 , 0.84 ,,
 703 , "SDSS J214406.27-002858.1" , 326.02583 , -0.48281 , "55.58" , "-37.79" , -1 , "H " , 19.2 , 33.34 ,,
 704 , "SDSS J214807.07-073346.9" , 327.02917 , -7.56303 , "48.48" , "-42.44" , -1 , "H " , 18.4 , 11.7 ,,
 705 , "SDSS J215051.72+111916.5" , 327.71542 , 11.32125 , "68.11" , "-31.74" , -1 , "H " , 19 , 9.58 ,,
 706 , "SDSS J215305.34-004230.6" , 328.27208 , -0.7085 , "57.01" , "-39.75" , 0.341 , "H " , 18.3 , 19.9 ,,
 707 , "SDSS J215650.32-085535.3" , 329.20958 , -8.9265 , "48.33" , "-44.99" , 1.023 , "H " , 18.8 , 21.49 ,,
 708 , "SDSS J221108.34-000302.5" , 332.78458 , -0.05069 , "61.33" , "-42.96" , 0.362 , "H " , 18.8 , 16.89 ,,
 709 , "SDSS J221109.88-002327.4" , 332.79083 , -0.39094 , "60.97" , "-43.18" , 0.448 , "H " , 19.6 , 38.84 ,,
 710 , "SDSS J221456.37+002000.0" , 333.73458 , 0.33336 , "62.56" , "-43.46" , 0.586 , "H " , 19.3 , 46.43 ,,
 711 , "SDSS J223301.11+133602.0" , 338.25458 , 13.60056 , "79.05" , "-37.22" , 0.214 , "H " , 18.6 , 24.66 ,,
 712 , "SDSS J224046.89+132602.6" , 340.195 , 13.43406 , "80.79" , "-38.52" , -1 , "H " , 18.9 , 13.61 ,,
 713 , "SDSS J224448.09-000619.3" , 341.2 , -0.10536 , "69.29" , "-49.33" , -1 , "H " , 19.1 , 5.43 ,,
 714 , "SDSS J224730.19+000006.4" , 341.87542 , 0.00178 , "70.14" , "-49.73" , -1 , "H " , 18.3 , 190.56 ,,
 715 , "SDSS J224949.87+130844.6" , 342.4575 , 13.14572 , "82.84" , "-40.08" , -1 , "H " , 19.1 , 12.73 ,,
 716 , "SDSS J225232.18+124510.9" , 343.13375 , 12.75303 , "83.24" , "-40.78" , 0.497 , "H " , 18.8 , 44.48 ,,
 717 , "SDSS J225354.23+140436.9" , 343.47583 , 14.07692 , "84.59" , "-39.89" , 0.327 , "H " , 18.5 , 11.52 ,,
 718 , "SDSS J225624.27+130541.6" , 344.10083 , 13.09489 , "84.52" , "-41.05" , -1 , "H " , 18.6 , 44.15 ,,
 719 , "SDSS J232428.43+144324.3" , 351.11833 , 14.72342 , "93.53" , "-43.13" , 1.411 , "H " , 18.8 , -1 ,,
 720 , "SDSS J233453.83+143214.7" , 353.72417 , 14.53742 , "96.57" , "-44.39" , -1 , "H " , 18.2 , 63.35 ,,
 721 , "SDSS J233939.48-103539.3" , 354.91417 , -10.59425 , "73.88" , "-66.37" , 2.757 , "H " , 18.8 , 1.02 ,,
 722 , "SDSS J235604.01-002353.7" , 359.01667 , -0.39825 , "94.2" , "-60.15" , 0.283 , "H " , 18.7 , 5.18 ,,
 723 , "SDSS J000157.23-103117.3" , 0.48833 , -10.52147 , "85.52" , "-69.72" , 0.252 , "H " , 18.8 , 32.97 ,,
